Rk,G,Date,Unnamed: 3_level_1,Opp,W/L,Tm,Opp,FG,FGA,FG%,3P,3PA,3P%,FT,FTA,FT%,ORB,TRB,AST,STL,BLK,TOV,PF,Unnamed: 24_level_1,FG,FGA,FG%,3P,3PA,3P%,FT,FTA,FT%,ORB,TRB,AST,STL,BLK,TOV,PF,Team
1,1,2018-10-17,@,NYK,L,107,126,41,90,.456,10,36,.278,15,18,.833,7,45,19,7,3,24,30,,45,99,.455,12,33,.364,24,31,.774,10,46,21,12,6,15,23,ATL
2,2,2018-10-19,@,MEM,L,117,131,41,83,.494,14,30,.467,21,36,.583,11,40,27,9,5,19,31,,44,81,.543,13,26,.500,30,43,.698,7,41,32,9,4,16,29,ATL
3,3,2018-10-21,@,CLE,W,133,111,48,98,.490,22,47,.468,15,19,.789,9,44,32,9,7,12,21,,46,99,.465,10,27,.370,9,14,.643,15,49,23,5,2,18,25,ATL
4,4,2018-10-24,,DAL,W,111,104,37,91,.407,15,38,.395,22,31,.710,10,54,28,6,6,15,26,,38,91,.418,12,40,.300,16,26,.615,9,52,25,7,9,17,27,ATL
5,5,2018-10-27,,CHI,L,85,97,27,84,.321,12,40,.300,19,23,.826,11,48,20,9,8,22,13,,36,83,.434,12,33,.364,13,16,.813,8,52,25,14,6,20,21,ATL
6,6,2018-10-29,@,PHI,L,92,113,35,94,.372,8,37,.216,14,21,.667,10,47,20,10,3,13,18,,41,99,.414,14,47,.298,17,18,.944,16,64,33,7,9,19,22,ATL
7,7,2018-10-30,@,CLE,L,114,136,44,82,.537,15,35,.429,11,17,.647,6,39,25,6,8,22,29,,45,90,.500,13,25,.520,33,43,.767,13,48,23,13,1,13,20,ATL
8,8,2018-11-01,,SAC,L,115,146,42,87,.483,8,31,.258,23,34,.676,10,43,26,6,6,22,28,,53,98,.541,14,35,.400,26,32,.813,10,46,38,14,3,14,29,ATL
9,9,2018-11-03,,MIA,W,123,118,46,88,.523,13,32,.406,18,23,.783,8,37,33,11,7,16,21,,41,85,.482,16,40,.400,20,26,.769,13,41,27,6,6,17,20,ATL
10,10,2018-11-06,@,CHO,L,102,113,41,85,.482,6,30,.200,14,18,.778,7,37,22,13,9,22,18,,45,92,.489,13,31,.419,10,18,.556,8,43,27,9,4,21,16,ATL
11,11,2018-11-07,,NYK,L,107,112,37,92,.402,11,38,.289,22,29,.759,15,45,26,5,9,17,30,,34,77,.442,11,30,.367,33,47,.702,11,48,15,8,7,16,30,ATL
12,12,2018-11-09,,DET,L,109,124,36,79,.456,7,28,.250,30,40,.750,9,53,17,6,2,16,21,,46,97,.474,20,47,.426,12,19,.632,10,44,30,10,6,10,31,ATL
13,13,2018-11-11,@,LAL,L,106,107,41,95,.432,13,37,.351,11,13,.846,10,44,25,11,4,17,23,,39,92,.424,14,38,.368,15,24,.625,17,48,28,12,9,22,23,ATL
14,14,2018-11-13,@,GSW,L,103,110,40,89,.449,12,32,.375,11,15,.733,10,42,25,9,2,14,18,,39,91,.429,12,27,.444,20,21,.952,13,48,28,8,6,13,20,ATL
15,15,2018-11-15,@,DEN,L,93,138,32,92,.348,9,42,.214,20,27,.741,15,43,20,7,5,19,22,,53,94,.564,13,31,.419,19,25,.760,11,56,34,12,6,15,24,ATL
16,16,2018-11-17,@,IND,L,89,97,31,87,.356,8,29,.276,19,27,.704,5,41,20,15,6,18,24,,35,87,.402,12,30,.400,15,21,.714,10,53,25,11,6,22,26,ATL
17,17,2018-11-19,,LAC,L,119,127,45,101,.446,12,38,.316,17,19,.895,16,51,29,6,6,14,38,,40,93,.430,10,33,.303,37,47,.787,15,52,24,9,8,15,22,ATL
18,18,2018-11-21,,TOR,L,108,124,42,93,.452,10,36,.278,14,18,.778,9,34,24,10,7,9,21,,48,90,.533,11,29,.379,17,23,.739,14,55,33,6,1,17,21,ATL
19,19,2018-11-23,,BOS,L,96,114,35,81,.432,6,35,.171,20,29,.690,5,40,22,9,7,20,26,,42,91,.462,13,40,.325,17,21,.810,7,43,31,11,7,16,29,ATL
20,20,2018-11-25,,CHO,W,124,123,50,94,.532,16,39,.410,8,11,.727,9,41,34,5,9,15,23,,41,92,.446,18,45,.400,23,28,.821,10,42,30,8,4,10,15,ATL
21,21,2018-11-27,@,MIA,W,115,113,38,80,.475,12,31,.387,27,32,.844,10,46,22,13,7,24,24,,40,87,.460,13,38,.342,20,30,.667,11,43,22,20,3,20,25,ATL
22,22,2018-11-28,@,CHO,L,94,108,32,93,.344,11,44,.250,19,22,.864,16,54,20,11,8,19,25,,38,83,.458,4,20,.200,28,37,.757,5,44,20,15,5,14,21,ATL
23,23,2018-11-30,@,OKC,L,109,124,43,96,.448,11,36,.306,12,20,.600,14,42,26,15,3,21,12,,46,88,.523,18,41,.439,14,15,.933,7,46,30,12,7,20,24,ATL
24,24,2018-12-03,,GSW,L,111,128,44,90,.489,5,26,.192,18,24,.750,9,35,23,10,4,18,21,,48,82,.585,13,24,.542,19,22,.864,6,39,33,10,8,20,24,ATL
25,25,2018-12-05,,WAS,L,117,131,41,92,.446,12,38,.316,23,31,.742,8,43,28,13,4,17,27,,46,95,.484,12,38,.316,27,32,.844,12,49,35,9,4,15,24,ATL
26,26,2018-12-08,,DEN,W,106,98,40,93,.430,15,42,.357,11,16,.688,9,51,33,9,11,18,23,,36,97,.371,9,36,.250,17,21,.810,11,48,28,11,4,15,16,ATL
27,27,2018-12-12,@,DAL,L,107,114,43,93,.462,11,33,.333,10,14,.714,16,44,21,7,2,21,30,,35,75,.467,12,34,.353,32,43,.744,4,36,22,13,5,14,16,ATL
28,28,2018-12-14,@,BOS,L,108,129,36,86,.419,16,38,.421,20,32,.625,16,44,27,10,5,24,19,,46,95,.484,19,39,.487,18,20,.900,13,47,28,15,9,21,21,ATL
29,29,2018-12-16,@,BRK,L,127,144,47,85,.553,14,29,.483,19,25,.760,8,33,38,9,5,14,22,,49,88,.557,16,40,.400,30,33,.909,10,39,34,12,3,13,21,ATL
30,30,2018-12-18,,WAS,W,118,110,37,79,.468,12,32,.375,32,39,.821,13,49,23,4,5,23,29,,36,83,.434,13,40,.325,25,36,.694,9,37,26,14,1,15,32,ATL
31,31,2018-12-21,@,NYK,W,114,107,43,91,.473,10,29,.345,18,24,.750,15,54,29,4,1,16,18,,41,84,.488,8,27,.296,17,24,.708,4,35,20,8,3,12,22,ATL
32,32,2018-12-23,@,DET,W,98,95,36,91,.396,6,23,.261,20,25,.800,15,54,24,9,9,16,25,,34,83,.410,10,29,.345,17,27,.630,5,41,21,6,9,16,25,ATL
33,33,2018-12-26,,IND,L,121,129,45,89,.506,17,36,.472,14,18,.778,11,41,33,8,6,19,24,,46,83,.554,13,27,.481,24,33,.727,10,39,35,13,3,16,17,ATL
34,34,2018-12-28,@,MIN,W,123,120,47,100,.470,16,35,.457,13,20,.650,17,58,32,10,6,23,33,,44,98,.449,11,32,.344,21,38,.553,16,47,28,14,9,14,26,ATL
35,35,2018-12-29,,CLE,W,111,108,43,98,.439,10,37,.270,15,25,.600,17,53,27,7,4,13,25,,40,85,.471,5,23,.217,23,29,.793,10,44,27,9,2,12,23,ATL
36,36,2018-12-31,@,IND,L,108,116,41,95,.432,13,32,.406,13,19,.684,21,53,24,8,5,17,23,,42,84,.500,11,24,.458,21,29,.724,8,39,29,13,6,11,18,ATL
37,37,2019-01-02,@,WAS,L,98,114,40,95,.421,10,31,.323,8,13,.615,13,50,26,5,6,14,19,,43,92,.467,11,29,.379,17,23,.739,10,48,29,10,2,10,20,ATL
38,38,2019-01-04,@,MIL,L,112,144,37,85,.435,14,41,.341,24,35,.686,5,31,26,11,3,21,23,,55,100,.550,14,40,.350,20,28,.714,12,54,36,11,8,14,26,ATL
39,39,2019-01-06,,MIA,W,106,82,43,91,.473,10,24,.417,10,13,.769,14,59,25,7,2,17,22,,31,87,.356,5,34,.147,15,27,.556,12,41,23,11,7,13,17,ATL
40,40,2019-01-08,@,TOR,L,101,104,40,87,.460,10,27,.370,11,16,.688,13,50,22,12,2,26,22,,37,80,.463,10,32,.313,20,27,.741,6,39,26,18,7,18,20,ATL
41,41,2019-01-09,@,BRK,L,100,116,36,99,.364,6,35,.171,22,25,.880,18,52,17,8,6,19,24,,43,95,.453,10,30,.333,20,26,.769,18,54,21,10,9,18,28,ATL
42,42,2019-01-11,@,PHI,W,123,121,45,81,.556,12,25,.480,21,27,.778,15,44,27,7,4,21,24,,45,87,.517,11,33,.333,20,27,.741,11,30,31,13,4,15,23,ATL
43,43,2019-01-13,,MIL,L,114,133,39,96,.406,12,38,.316,24,30,.800,18,54,19,3,5,24,30,,49,92,.533,11,30,.367,24,33,.727,8,39,28,13,4,14,25,ATL
44,44,2019-01-15,,OKC,W,142,126,56,90,.622,18,37,.486,12,16,.750,10,44,36,8,4,18,28,,43,94,.457,9,32,.281,31,41,.756,15,40,22,16,3,12,18,ATL
45,45,2019-01-19,,BOS,L,105,113,40,92,.435,12,41,.293,13,14,.929,13,49,28,8,6,20,20,,39,88,.443,12,32,.375,23,25,.920,11,43,19,10,8,15,18,ATL
46,46,2019-01-21,,ORL,L,103,122,39,86,.453,9,30,.300,16,23,.696,9,44,23,5,3,13,24,,46,91,.505,11,29,.379,19,21,.905,9,45,29,8,8,11,22,ATL
47,47,2019-01-23,@,CHI,W,121,101,45,90,.500,15,40,.375,16,21,.762,16,51,31,11,2,17,20,,35,79,.443,8,26,.308,23,27,.852,7,37,20,7,6,15,21,ATL
48,48,2019-01-26,@,POR,L,111,120,42,92,.457,12,33,.364,15,20,.750,9,36,24,9,7,10,27,,41,82,.500,11,30,.367,27,30,.900,11,47,26,8,7,18,23,ATL
49,49,2019-01-28,@,LAC,W,123,118,44,87,.506,10,34,.294,25,29,.862,15,44,28,7,6,17,25,,41,85,.482,10,27,.370,26,28,.929,13,38,27,10,4,16,26,ATL
50,50,2019-01-30,@,SAC,L,113,135,38,86,.442,16,46,.348,21,25,.840,9,36,24,7,3,20,19,,54,99,.545,11,35,.314,16,21,.762,15,53,36,7,2,14,24,ATL
51,51,2019-02-01,@,UTA,L,112,128,39,98,.398,14,46,.304,20,24,.833,8,40,23,11,4,11,27,,46,87,.529,12,35,.343,24,30,.800,11,51,31,4,6,15,22,ATL
52,52,2019-02-02,@,PHO,W,118,112,43,84,.512,14,32,.438,18,26,.692,16,53,21,6,5,24,18,,45,96,.469,12,32,.375,10,18,.556,10,37,31,15,5,10,23,ATL
53,53,2019-02-04,@,WAS,W,137,129,46,91,.505,20,40,.500,25,29,.862,14,50,29,7,2,12,22,,48,97,.495,12,38,.316,21,29,.724,13,40,34,5,8,8,20,ATL
54,54,2019-02-07,,TOR,L,101,119,36,80,.450,16,35,.457,13,25,.520,8,42,25,5,3,17,25,,40,87,.460,13,40,.325,26,33,.788,12,50,29,6,2,8,23,ATL
55,55,2019-02-09,,CHO,L,120,129,46,86,.535,14,33,.424,14,19,.737,10,36,26,10,3,18,18,,48,88,.545,19,42,.452,14,18,.778,10,37,30,12,7,13,17,ATL
56,56,2019-02-10,,ORL,L,108,124,37,80,.463,13,32,.406,21,25,.840,5,33,27,5,6,11,21,,43,91,.473,13,37,.351,25,28,.893,11,49,29,4,9,8,21,ATL
57,57,2019-02-12,,LAL,W,117,113,40,92,.435,16,42,.381,21,26,.808,6,47,29,8,6,20,24,,41,95,.432,14,40,.350,17,25,.680,10,44,25,10,6,15,24,ATL
58,58,2019-02-14,,NYK,L,91,106,33,91,.363,10,38,.263,15,19,.789,10,41,19,8,4,12,24,,38,84,.452,12,31,.387,18,26,.692,11,52,21,9,9,14,22,ATL
59,59,2019-02-22,,DET,L,122,125,43,88,.489,20,42,.476,16,19,.842,10,47,21,6,4,18,24,,46,95,.484,15,40,.375,18,28,.643,10,44,20,11,4,8,21,ATL
60,60,2019-02-23,,PHO,W,120,112,38,92,.413,12,33,.364,32,38,.842,12,50,22,8,9,13,22,,41,93,.441,13,37,.351,17,20,.850,6,41,25,9,4,12,29,ATL
61,61,2019-02-25,@,HOU,L,111,119,39,80,.488,17,38,.447,16,23,.696,10,41,21,6,6,17,24,,39,90,.433,15,51,.294,26,30,.867,12,37,24,11,4,12,18,ATL
62,62,2019-02-27,,MIN,W,131,123,46,108,.426,12,29,.414,27,32,.844,18,65,32,1,6,12,25,,44,102,.431,12,38,.316,23,33,.697,9,47,29,8,7,6,24,ATL
63,63,2019-03-01,,CHI,L,161,168,61,123,.496,22,60,.367,17,25,.680,9,59,33,11,8,20,34,,56,119,.471,21,48,.438,35,48,.729,11,62,30,10,5,16,30,ATL
64,64,2019-03-03,@,CHI,W,123,118,42,89,.472,21,42,.500,18,28,.643,11,46,30,10,5,13,18,,47,92,.511,8,27,.296,16,21,.762,9,42,25,6,5,14,20,ATL
65,65,2019-03-04,@,MIA,L,113,114,38,91,.418,17,46,.370,20,25,.800,16,42,25,9,2,14,21,,44,79,.557,9,23,.391,17,24,.708,7,40,23,9,7,18,24,ATL
66,66,2019-03-06,,SAS,L,104,111,36,92,.391,13,43,.302,19,24,.792,11,47,21,8,2,14,18,,44,89,.494,10,33,.303,13,18,.722,6,49,27,4,9,16,23,ATL
67,67,2019-03-09,,BRK,L,112,114,39,105,.371,8,41,.195,26,32,.813,18,57,22,7,2,10,37,,33,86,.384,15,44,.341,33,54,.611,15,54,21,7,3,14,23,ATL
68,68,2019-03-10,,NOP,W,128,116,48,98,.490,17,37,.459,15,18,.833,10,56,30,4,5,9,12,,45,101,.446,18,41,.439,8,8,1.000,5,42,29,6,9,8,17,ATL
69,69,2019-03-13,,MEM,W,132,111,52,103,.505,17,45,.378,11,14,.786,15,51,35,9,9,11,26,,38,89,.427,14,40,.350,21,26,.808,9,35,28,8,6,14,17,ATL
70,70,2019-03-16,@,BOS,L,120,129,43,100,.430,15,40,.375,19,24,.792,19,50,27,11,5,17,25,,44,93,.473,13,36,.361,28,37,.757,11,46,30,10,7,14,21,ATL
71,71,2019-03-17,@,ORL,L,91,101,38,91,.418,8,35,.229,7,10,.700,8,50,20,8,3,18,29,,33,85,.388,9,37,.243,26,33,.788,10,55,21,12,3,14,15,ATL
72,72,2019-03-19,,HOU,L,105,121,39,84,.464,15,40,.375,12,15,.800,8,45,30,6,1,19,23,,40,78,.513,19,47,.404,22,30,.733,6,37,28,13,2,14,17,ATL
73,73,2019-03-21,,UTA,W,117,114,41,87,.471,19,40,.475,16,23,.696,9,43,26,8,5,16,23,,43,94,.457,10,32,.313,18,26,.692,14,49,25,12,3,15,24,ATL
74,74,2019-03-23,,PHI,W,129,127,49,106,.462,15,47,.319,16,21,.762,15,49,28,8,7,12,25,,42,91,.462,10,23,.435,33,39,.846,14,52,21,7,4,13,15,ATL
75,75,2019-03-26,@,NOP,W,130,120,44,97,.454,19,51,.373,23,26,.885,9,41,30,13,4,16,26,,39,83,.470,12,34,.353,30,40,.750,8,45,28,10,6,24,23,ATL
76,76,2019-03-29,,POR,L,98,118,38,94,.404,9,38,.237,13,14,.929,8,41,20,5,7,10,22,,45,96,.469,9,32,.281,19,22,.864,10,55,19,4,4,9,9,ATL
77,77,2019-03-31,,MIL,W,136,135,52,118,.441,22,61,.361,10,17,.588,15,58,36,10,10,9,13,,48,116,.414,17,55,.309,22,23,.957,22,71,30,6,3,16,20,ATL
78,78,2019-04-02,@,SAS,L,111,117,43,94,.457,12,34,.353,13,20,.650,11,43,26,13,2,11,18,,42,80,.525,14,30,.467,19,22,.864,4,45,23,6,6,16,17,ATL
79,79,2019-04-03,,PHI,W,130,122,48,92,.522,12,36,.333,22,28,.786,11,44,29,7,7,11,26,,45,98,.459,10,31,.323,22,38,.579,26,57,27,8,4,13,24,ATL
80,80,2019-04-05,@,ORL,L,113,149,41,94,.436,10,39,.256,21,31,.677,10,38,21,16,4,14,21,,56,92,.609,18,37,.486,19,25,.760,9,54,35,11,4,19,24,ATL
81,81,2019-04-07,@,MIL,L,107,115,40,100,.400,17,45,.378,10,19,.526,9,48,25,2,3,11,28,,40,91,.440,9,41,.220,26,34,.765,11,61,19,8,10,14,23,ATL
82,82,2019-04-10,,IND,L,134,135,43,103,.417,17,41,.415,31,38,.816,22,61,29,5,7,17,25,,45,98,.459,12,30,.400,33,39,.846,13,43,22,12,7,8,28,ATL
1,1,2018-10-16,,PHI,W,105,87,42,97,.433,11,37,.297,10,14,.714,12,55,21,7,5,14,20,,34,87,.391,5,26,.192,14,23,.609,6,47,18,8,5,16,20,BOS
2,2,2018-10-19,@,TOR,L,101,113,40,99,.404,14,36,.389,7,10,.700,16,49,29,4,6,14,27,,43,92,.467,13,35,.371,14,19,.737,12,49,24,3,3,12,19,BOS
3,3,2018-10-20,@,NYK,W,103,101,33,82,.402,9,25,.360,28,33,.848,11,47,21,8,2,15,26,,36,87,.414,12,35,.343,17,27,.630,11,46,23,8,1,16,25,BOS
4,4,2018-10-22,,ORL,L,90,93,37,91,.407,9,40,.225,7,9,.778,9,51,21,6,3,12,15,,38,93,.409,10,35,.286,7,10,.700,8,49,28,6,2,9,15,BOS
5,5,2018-10-25,@,OKC,W,101,95,33,86,.384,11,32,.344,24,33,.727,10,45,19,7,1,11,27,,37,94,.394,7,28,.250,14,25,.560,16,57,19,5,6,16,27,BOS
6,6,2018-10-27,@,DET,W,109,89,39,86,.453,14,34,.412,17,25,.680,8,54,25,4,8,13,26,,33,89,.371,7,37,.189,16,20,.800,6,47,16,4,3,11,24,BOS
7,7,2018-10-30,,DET,W,108,105,37,84,.440,9,31,.290,25,32,.781,8,46,25,8,4,14,20,,37,88,.420,8,30,.267,23,27,.852,11,50,17,6,3,17,28,BOS
8,8,2018-11-01,,MIL,W,117,113,41,92,.446,24,55,.436,11,13,.846,8,42,30,5,8,12,23,,41,85,.482,9,29,.310,22,30,.733,8,45,20,8,3,14,20,BOS
9,9,2018-11-03,@,IND,L,101,102,38,88,.432,19,46,.413,6,9,.667,10,45,23,6,8,14,20,,36,86,.419,11,32,.344,19,25,.760,8,45,23,10,2,13,16,BOS
10,10,2018-11-05,@,DEN,L,107,115,44,87,.506,9,31,.290,10,12,.833,7,40,22,9,9,12,21,,41,90,.456,13,34,.382,20,28,.714,15,47,25,5,4,13,14,BOS
11,11,2018-11-08,@,PHO,W,116,109,39,97,.402,14,37,.378,24,31,.774,17,56,21,6,6,16,18,,41,93,.441,11,35,.314,16,19,.842,4,42,25,10,6,15,23,BOS
12,12,2018-11-09,@,UTA,L,115,123,39,88,.443,17,43,.395,20,22,.909,5,28,31,11,3,8,20,,43,77,.558,13,34,.382,24,30,.800,8,45,29,4,4,16,21,BOS
13,13,2018-11-11,@,POR,L,94,100,36,93,.387,14,42,.333,8,10,.800,11,42,19,11,5,12,16,,39,86,.453,14,36,.389,8,10,.800,15,55,22,4,2,21,14,BOS
14,14,2018-11-14,,CHI,W,111,82,42,90,.467,15,34,.441,12,14,.857,8,51,27,12,5,13,12,,33,84,.393,7,23,.304,9,9,1.000,7,47,16,8,3,22,16,BOS
15,15,2018-11-16,,TOR,W,123,116,47,89,.528,9,26,.346,20,24,.833,9,46,25,9,6,18,23,,42,97,.433,8,29,.276,24,29,.828,11,43,20,12,4,13,23,BOS
16,16,2018-11-17,,UTA,L,86,98,35,91,.385,5,33,.152,11,20,.550,17,51,16,11,4,14,22,,35,78,.449,11,38,.289,17,27,.630,7,46,23,11,4,14,23,BOS
17,17,2018-11-19,@,CHO,L,112,117,45,89,.506,9,32,.281,13,18,.722,8,41,31,9,6,12,22,,43,89,.483,15,41,.366,16,22,.727,8,44,18,5,3,13,16,BOS
18,18,2018-11-21,,NYK,L,109,117,38,97,.392,10,33,.303,23,32,.719,15,50,30,10,9,8,16,,44,89,.494,15,30,.500,14,17,.824,9,49,25,3,11,17,24,BOS
19,19,2018-11-23,@,ATL,W,114,96,42,91,.462,13,40,.325,17,21,.810,7,43,31,11,7,16,29,,35,81,.432,6,35,.171,20,29,.690,5,40,22,9,7,20,26,BOS
20,20,2018-11-24,@,DAL,L,104,113,41,86,.477,10,28,.357,12,13,.923,9,42,19,8,3,17,21,,42,87,.483,16,41,.390,13,21,.619,13,43,27,12,3,16,16,BOS
21,21,2018-11-26,@,NOP,W,124,107,48,97,.495,19,39,.487,9,10,.900,14,42,27,14,4,13,25,,34,77,.442,12,32,.375,27,29,.931,9,40,21,8,5,22,20,BOS
22,22,2018-11-30,,CLE,W,128,95,49,92,.533,17,31,.548,13,16,.813,12,47,30,4,4,10,27,,30,77,.390,7,22,.318,28,35,.800,9,36,18,5,1,13,21,BOS
23,23,2018-12-01,@,MIN,W,118,109,40,85,.471,17,44,.386,21,21,1.000,7,40,30,9,3,14,25,,37,82,.451,9,28,.321,26,32,.813,9,39,19,6,2,16,18,BOS
24,24,2018-12-06,,NYK,W,128,100,49,92,.533,13,38,.342,17,20,.850,7,46,32,8,6,9,24,,36,91,.396,12,35,.343,16,20,.800,14,47,21,4,5,16,23,BOS
25,25,2018-12-08,@,CHI,W,133,77,50,93,.538,22,43,.512,11,15,.733,13,54,34,10,4,7,14,,31,81,.383,6,24,.250,9,14,.643,8,37,16,3,2,15,17,BOS
26,26,2018-12-10,,NOP,W,113,100,44,90,.489,12,39,.308,13,19,.684,14,51,23,8,5,13,21,,39,87,.448,8,26,.308,14,19,.737,6,39,28,11,1,13,19,BOS
27,27,2018-12-12,@,WAS,W,130,125,47,104,.452,11,38,.289,25,25,1.000,14,50,20,6,2,13,19,,46,91,.505,12,33,.364,21,29,.724,8,41,25,7,4,15,27,BOS
28,28,2018-12-14,,ATL,W,129,108,46,95,.484,19,39,.487,18,20,.900,13,47,28,15,9,21,21,,36,86,.419,16,38,.421,20,32,.625,16,44,27,10,5,24,19,BOS
29,29,2018-12-15,@,DET,L,104,113,39,94,.415,9,33,.273,17,23,.739,12,44,19,11,4,14,25,,39,80,.488,10,30,.333,25,35,.714,10,48,25,10,7,18,21,BOS
30,30,2018-12-19,,PHO,L,103,111,38,85,.447,15,39,.385,12,14,.857,9,37,26,13,15,16,17,,41,96,.427,11,27,.407,18,22,.818,21,56,23,8,6,17,19,BOS
31,31,2018-12-21,,MIL,L,107,120,35,91,.385,10,34,.294,27,36,.750,9,36,22,13,3,5,16,,41,80,.513,16,40,.400,22,28,.786,11,55,26,3,6,20,30,BOS
32,32,2018-12-23,,CHO,W,119,103,43,86,.500,13,39,.333,20,25,.800,11,47,30,8,4,14,22,,38,88,.432,8,32,.250,19,26,.731,9,37,24,9,5,9,17,BOS
33,33,2018-12-25,,PHI,W,121,114,45,108,.417,14,41,.341,17,20,.850,13,55,21,8,4,9,21,,38,92,.413,15,40,.375,23,29,.793,9,56,25,6,4,19,21,BOS
34,34,2018-12-27,@,HOU,L,113,127,38,81,.469,12,31,.387,25,31,.806,6,37,28,9,3,11,22,,41,86,.477,18,45,.400,27,35,.771,16,55,17,4,4,13,22,BOS
35,35,2018-12-29,@,MEM,W,112,103,40,80,.500,16,36,.444,16,18,.889,7,36,29,10,4,17,24,,36,76,.474,7,26,.269,24,29,.828,8,36,24,11,2,16,22,BOS
36,36,2018-12-31,@,SAS,L,111,120,43,88,.489,11,34,.324,14,20,.700,9,40,30,5,8,12,17,,45,91,.495,14,26,.538,16,18,.889,8,43,27,6,4,11,17,BOS
37,37,2019-01-02,,MIN,W,115,102,45,76,.592,12,30,.400,13,15,.867,3,33,34,10,9,16,21,,40,84,.476,7,23,.304,15,21,.714,8,34,24,7,2,14,16,BOS
38,38,2019-01-04,,DAL,W,114,93,42,96,.438,21,45,.467,9,11,.818,14,53,35,12,4,12,16,,34,88,.386,11,44,.250,14,19,.737,11,49,16,9,2,14,13,BOS
39,39,2019-01-07,,BRK,W,116,95,47,93,.505,12,32,.375,10,12,.833,6,43,37,13,2,13,21,,32,79,.405,11,42,.262,20,22,.909,9,47,19,5,4,23,16,BOS
40,40,2019-01-09,,IND,W,135,108,50,88,.568,14,32,.438,21,24,.875,9,48,32,7,7,13,25,,39,91,.429,9,28,.321,21,33,.636,12,39,26,6,0,11,18,BOS
41,41,2019-01-10,@,MIA,L,99,115,36,89,.404,12,34,.353,15,17,.882,9,37,20,5,8,10,10,,46,96,.479,18,39,.462,5,8,.625,10,51,33,7,4,8,18,BOS
42,42,2019-01-12,@,ORL,L,103,105,38,90,.422,8,32,.250,19,28,.679,10,46,19,7,3,8,18,,36,84,.429,11,38,.289,22,24,.917,9,50,21,2,5,15,20,BOS
43,43,2019-01-14,@,BRK,L,102,109,37,91,.407,11,36,.306,17,23,.739,10,41,21,10,8,10,21,,37,86,.430,13,38,.342,22,25,.880,13,55,18,5,7,17,20,BOS
44,44,2019-01-16,,TOR,W,117,108,46,92,.500,14,30,.467,11,13,.846,14,49,32,7,6,14,24,,41,92,.446,7,29,.241,19,21,.905,14,42,20,9,2,10,14,BOS
45,45,2019-01-18,,MEM,W,122,116,44,86,.512,17,38,.447,17,22,.773,10,52,29,5,9,17,20,,41,92,.446,16,35,.457,18,20,.900,9,39,33,11,5,9,22,BOS
46,46,2019-01-19,@,ATL,W,113,105,39,88,.443,12,32,.375,23,25,.920,11,43,19,10,8,15,18,,40,92,.435,12,41,.293,13,14,.929,13,49,28,8,6,20,20,BOS
47,47,2019-01-21,,MIA,W,107,99,43,87,.494,12,30,.400,9,10,.900,8,36,26,13,7,19,21,,36,86,.419,11,35,.314,16,18,.889,10,38,25,11,5,19,16,BOS
48,48,2019-01-23,,CLE,W,123,103,45,86,.523,12,25,.480,21,23,.913,9,43,25,12,5,14,20,,38,87,.437,13,30,.433,14,20,.700,15,44,20,4,4,20,18,BOS
49,49,2019-01-26,,GSW,L,111,115,41,99,.414,15,40,.375,14,15,.933,15,49,23,6,4,14,22,,37,83,.446,12,33,.364,29,34,.853,11,53,25,8,7,14,19,BOS
50,50,2019-01-28,,BRK,W,112,104,45,100,.450,13,40,.325,9,10,.900,16,52,29,11,16,17,16,,39,103,.379,13,34,.382,13,16,.813,16,48,20,10,5,17,20,BOS
51,51,2019-01-30,,CHO,W,126,94,50,90,.556,12,29,.414,14,16,.875,12,53,34,10,7,10,14,,39,89,.438,13,40,.325,3,7,.429,7,31,20,7,5,12,17,BOS
52,52,2019-02-01,@,NYK,W,113,99,46,100,.460,13,37,.351,8,10,.800,11,43,25,11,7,7,18,,39,86,.453,9,31,.290,12,12,1.000,8,48,21,2,2,17,15,BOS
53,53,2019-02-03,,OKC,W,134,129,54,91,.593,13,34,.382,13,17,.765,5,38,36,8,6,14,22,,45,92,.489,14,35,.400,25,34,.735,11,42,25,12,5,11,18,BOS
54,54,2019-02-05,@,CLE,W,103,96,40,82,.488,9,26,.346,14,14,1.000,8,42,29,10,10,13,14,,40,96,.417,9,33,.273,7,8,.875,15,47,21,6,0,12,17,BOS
55,55,2019-02-07,,LAL,L,128,129,46,94,.489,16,38,.421,20,20,1.000,11,48,35,7,5,8,16,,50,97,.515,22,41,.537,7,18,.389,10,43,35,5,6,8,19,BOS
56,56,2019-02-09,,LAC,L,112,123,39,92,.424,9,26,.346,25,31,.806,8,45,21,9,3,12,29,,40,84,.476,12,30,.400,31,40,.775,6,49,28,6,6,17,27,BOS
57,57,2019-02-12,@,PHI,W,112,109,41,88,.466,13,29,.448,17,21,.810,8,41,24,9,3,5,23,,39,80,.488,9,27,.333,22,31,.710,10,47,21,4,3,14,20,BOS
58,58,2019-02-13,,DET,W,118,110,45,88,.511,16,39,.410,12,15,.800,10,47,32,8,2,16,22,,36,84,.429,13,40,.325,25,34,.735,10,41,19,7,1,11,18,BOS
59,59,2019-02-21,@,MIL,L,97,98,39,102,.382,14,40,.350,5,6,.833,12,50,19,11,9,7,15,,37,88,.420,14,39,.359,10,14,.714,9,55,21,5,4,15,11,BOS
60,60,2019-02-23,@,CHI,L,116,126,45,92,.489,10,29,.345,16,21,.762,6,32,26,6,7,7,18,,47,88,.534,12,30,.400,20,21,.952,11,49,26,4,2,13,22,BOS
61,61,2019-02-26,@,TOR,L,95,118,33,86,.384,6,30,.200,23,28,.821,10,47,24,6,4,14,20,,46,94,.489,17,36,.472,9,14,.643,8,45,33,7,5,8,24,BOS
62,62,2019-02-27,,POR,L,92,97,40,86,.465,5,28,.179,7,10,.700,8,41,20,5,4,16,20,,38,90,.422,6,33,.182,15,20,.750,13,48,14,11,2,11,15,BOS
63,63,2019-03-01,,WAS,W,107,96,42,94,.447,10,35,.286,13,17,.765,11,46,26,12,3,12,18,,36,89,.404,10,38,.263,14,19,.737,11,53,20,7,6,18,16,BOS
64,64,2019-03-03,,HOU,L,104,115,37,77,.481,8,28,.286,22,29,.759,8,44,23,7,0,13,23,,38,80,.475,21,51,.412,18,29,.621,10,42,22,8,4,12,23,BOS
65,65,2019-03-05,@,GSW,W,128,95,49,96,.510,14,34,.412,16,17,.941,9,46,38,12,5,11,24,,34,85,.400,8,35,.229,19,23,.826,9,45,26,5,2,21,24,BOS
66,66,2019-03-06,@,SAC,W,111,109,40,79,.506,13,33,.394,18,21,.857,3,35,26,11,1,17,22,,40,80,.500,13,29,.448,16,22,.727,6,40,23,8,4,15,21,BOS
67,67,2019-03-09,@,LAL,W,120,107,48,93,.516,14,38,.368,10,14,.714,6,43,32,6,5,13,17,,44,91,.484,5,27,.185,14,18,.778,8,43,28,4,4,12,16,BOS
68,68,2019-03-11,@,LAC,L,115,140,44,91,.484,14,36,.389,13,19,.684,7,29,26,11,4,13,24,,53,86,.616,13,28,.464,21,25,.840,10,47,29,4,1,19,26,BOS
69,69,2019-03-14,,SAC,W,126,120,49,97,.505,9,28,.321,19,26,.731,10,52,32,7,2,13,20,,48,95,.505,11,34,.324,13,23,.565,8,47,31,9,2,10,24,BOS
70,70,2019-03-16,,ATL,W,129,120,44,93,.473,13,36,.361,28,37,.757,11,46,30,10,7,14,21,,43,100,.430,15,40,.375,19,24,.792,19,50,27,11,5,17,25,BOS
71,71,2019-03-18,,DEN,L,105,114,39,93,.419,12,39,.308,15,19,.789,12,37,24,12,5,12,16,,46,94,.489,14,39,.359,8,10,.800,11,51,29,6,5,17,19,BOS
72,72,2019-03-20,@,PHI,L,115,118,45,96,.469,12,32,.375,13,16,.813,10,46,22,1,3,8,25,,34,90,.378,11,33,.333,39,43,.907,17,54,23,5,5,8,17,BOS
73,73,2019-03-23,@,CHO,L,117,124,44,93,.473,19,43,.442,10,15,.667,7,42,31,6,8,10,23,,42,95,.442,18,38,.474,22,28,.786,14,53,26,7,5,11,15,BOS
74,74,2019-03-24,,SAS,L,96,115,38,94,.404,7,35,.200,13,16,.813,11,45,23,4,2,8,14,,50,98,.510,8,24,.333,7,8,.875,11,51,32,1,4,8,19,BOS
75,75,2019-03-26,@,CLE,W,116,106,46,91,.505,10,25,.400,14,19,.737,11,46,23,8,3,10,21,,39,80,.488,9,28,.321,19,25,.760,3,36,24,4,1,14,21,BOS
76,76,2019-03-29,,IND,W,114,112,44,86,.512,13,27,.481,13,17,.765,7,43,27,8,5,14,19,,42,90,.467,12,27,.444,16,23,.696,14,41,27,9,2,12,16,BOS
77,77,2019-03-30,@,BRK,L,96,110,35,83,.422,8,20,.400,18,23,.783,7,39,19,8,7,15,25,,38,83,.458,12,38,.316,22,28,.786,5,40,22,7,2,12,17,BOS
78,78,2019-04-01,,MIA,W,110,105,36,91,.396,17,40,.425,21,24,.875,14,49,25,8,2,12,18,,40,88,.455,10,37,.270,15,18,.833,9,48,27,9,6,15,17,BOS
79,79,2019-04-03,@,MIA,W,112,102,38,80,.475,9,24,.375,27,31,.871,6,42,25,8,7,11,21,,39,95,.411,12,36,.333,12,20,.600,16,47,25,6,5,15,23,BOS
80,80,2019-04-05,@,IND,W,117,97,48,92,.522,7,27,.259,14,16,.875,7,49,27,7,6,11,15,,38,92,.413,10,23,.435,11,19,.579,10,45,24,5,3,11,15,BOS
81,81,2019-04-07,,ORL,L,108,116,42,89,.472,12,31,.387,12,14,.857,6,39,28,9,4,13,19,,41,90,.456,12,33,.364,22,22,1.000,11,45,29,9,7,14,14,BOS
82,82,2019-04-09,@,WAS,W,116,110,45,99,.455,15,44,.341,11,23,.478,13,50,27,10,3,5,17,,41,97,.423,14,39,.359,14,18,.778,13,58,28,2,3,15,18,BOS
1,1,2018-10-17,@,IND,L,83,111,25,84,.298,10,29,.345,23,28,.821,7,28,16,11,3,7,18,,47,83,.566,10,26,.385,7,13,.538,13,57,29,2,7,20,24,MEM
2,2,2018-10-19,,ATL,W,131,117,44,81,.543,13,26,.500,30,43,.698,7,41,32,9,4,16,29,,41,83,.494,14,30,.467,21,36,.583,11,40,27,9,5,19,31,MEM
3,3,2018-10-22,@,UTA,W,92,84,31,84,.369,9,28,.321,21,26,.808,7,43,18,10,2,10,22,,29,82,.354,8,32,.250,18,23,.783,10,50,18,6,6,15,22,MEM
4,4,2018-10-24,@,SAC,L,92,97,36,94,.383,10,37,.270,10,13,.769,13,49,18,7,6,15,25,,35,83,.422,6,18,.333,21,33,.636,15,57,19,7,5,14,15,MEM
5,5,2018-10-27,,PHO,W,117,96,44,79,.557,9,26,.346,20,22,.909,3,39,30,12,1,12,21,,36,78,.462,9,33,.273,15,19,.789,5,35,28,5,1,19,25,MEM
6,6,2018-10-30,,WAS,W,107,95,36,74,.486,13,28,.464,22,31,.710,6,38,28,16,3,15,20,,32,74,.432,14,35,.400,17,20,.850,5,37,24,9,7,20,22,MEM
7,7,2018-11-02,@,UTA,W,110,100,38,75,.507,13,26,.500,21,34,.618,9,39,23,9,3,11,29,,36,77,.468,14,36,.389,14,25,.560,10,39,21,3,5,14,25,MEM
8,8,2018-11-04,@,PHO,L,100,102,36,76,.474,7,23,.304,21,29,.724,9,30,19,13,3,13,21,,33,64,.516,14,32,.438,22,26,.846,5,37,25,7,3,24,27,MEM
9,9,2018-11-05,@,GSW,L,101,117,38,83,.458,9,27,.333,16,21,.762,4,30,31,8,8,10,19,,41,81,.506,13,24,.542,22,23,.957,8,46,29,4,4,13,25,MEM
10,10,2018-11-07,,DEN,W,89,87,30,70,.429,8,21,.381,21,25,.840,8,36,19,7,7,17,22,,32,82,.390,8,32,.250,15,19,.789,13,41,19,9,3,16,22,MEM
11,11,2018-11-10,,PHI,W,112,106,45,103,.437,11,30,.367,11,15,.733,15,45,16,9,3,11,18,,44,85,.518,8,31,.258,10,16,.625,8,48,27,10,6,23,20,MEM
12,12,2018-11-12,,UTA,L,88,96,33,79,.418,4,24,.167,18,23,.783,8,42,19,7,9,16,28,,32,82,.390,9,32,.281,23,30,.767,13,49,19,7,6,15,25,MEM
13,13,2018-11-14,@,MIL,W,116,113,42,83,.506,14,36,.389,18,24,.750,4,34,24,8,4,12,20,,41,81,.506,9,35,.257,22,27,.815,9,44,22,5,8,16,22,MEM
14,14,2018-11-16,,SAC,W,112,104,43,85,.506,11,25,.440,15,24,.625,9,40,24,11,5,13,23,,37,80,.463,12,33,.364,18,24,.750,9,42,23,9,2,21,24,MEM
15,15,2018-11-18,@,MIN,W,100,87,35,82,.427,12,28,.429,18,25,.720,10,43,26,11,9,12,20,,31,80,.388,12,29,.414,13,16,.813,10,49,20,8,3,20,20,MEM
16,16,2018-11-19,,DAL,W,98,88,37,79,.468,12,30,.400,12,14,.857,5,45,29,8,11,15,21,,30,88,.341,10,32,.313,18,21,.857,7,43,17,8,4,9,19,MEM
17,17,2018-11-21,@,SAS,W,104,103,39,81,.481,8,25,.320,18,21,.857,4,40,21,4,7,9,25,,35,82,.427,7,22,.318,26,30,.867,10,43,21,4,5,8,20,MEM
18,18,2018-11-23,@,LAC,L,107,112,42,92,.457,9,27,.333,14,18,.778,6,47,29,6,7,16,29,,40,94,.426,8,23,.348,24,27,.889,8,48,26,6,5,11,23,MEM
19,19,2018-11-25,,NYK,L,98,103,38,86,.442,11,30,.367,11,19,.579,6,41,27,5,19,7,23,,34,91,.374,8,22,.364,27,32,.844,14,56,17,4,5,7,21,MEM
20,20,2018-11-27,,TOR,L,114,122,43,85,.506,10,29,.345,18,21,.857,11,35,27,9,5,13,23,,42,69,.609,18,33,.545,20,28,.714,4,31,25,5,5,15,18,MEM
21,21,2018-11-30,@,BRK,W,131,125,50,101,.495,12,30,.400,19,22,.864,11,45,27,8,6,17,23,,42,94,.447,16,44,.364,25,30,.833,11,51,26,7,4,16,28,MEM
22,22,2018-12-02,@,PHI,L,95,103,33,79,.418,11,28,.393,18,23,.783,3,35,19,7,7,14,24,,36,74,.486,8,22,.364,23,30,.767,3,44,22,5,2,16,20,MEM
23,23,2018-12-05,,LAC,W,96,86,37,85,.435,7,28,.250,15,24,.625,11,49,18,9,6,15,27,,25,74,.338,8,23,.348,28,35,.800,11,47,16,9,4,18,21,MEM
24,24,2018-12-07,@,NOP,W,107,103,39,83,.470,8,19,.421,21,28,.750,10,42,30,10,7,11,25,,38,84,.452,7,29,.241,20,24,.833,10,42,25,5,5,18,25,MEM
25,25,2018-12-08,,LAL,L,88,111,34,84,.405,6,30,.200,14,18,.778,9,36,17,13,7,15,19,,43,97,.443,16,40,.400,9,12,.750,19,57,27,11,6,18,22,MEM
26,26,2018-12-10,@,DEN,L,99,105,37,74,.500,9,27,.333,16,17,.941,6,34,22,7,4,14,19,,39,77,.506,9,28,.321,18,23,.783,11,40,22,11,6,13,17,MEM
27,27,2018-12-12,,POR,W,92,83,34,82,.415,8,24,.333,16,24,.667,9,51,19,9,10,12,22,,32,87,.368,6,22,.273,13,16,.813,4,44,15,11,9,14,19,MEM
28,28,2018-12-14,,MIA,L,97,100,35,83,.422,8,29,.276,19,25,.760,10,34,21,9,5,7,18,,36,82,.439,15,39,.385,13,18,.722,14,50,30,3,8,16,20,MEM
29,29,2018-12-15,,HOU,L,97,105,40,75,.533,5,23,.217,12,17,.706,6,35,20,8,6,14,22,,35,73,.479,13,37,.351,22,25,.880,6,36,23,5,2,12,22,MEM
30,30,2018-12-17,@,GSW,L,93,110,36,79,.456,7,25,.280,14,18,.778,2,41,24,6,4,16,23,,37,85,.435,12,31,.387,24,27,.889,6,42,23,10,5,10,19,MEM
31,31,2018-12-19,@,POR,L,92,99,33,78,.423,9,27,.333,17,19,.895,11,36,22,12,10,14,21,,35,75,.467,11,26,.423,18,20,.900,12,43,16,9,4,21,23,MEM
32,32,2018-12-21,@,SAC,L,99,102,37,80,.463,16,32,.500,9,10,.900,8,44,24,7,8,18,25,,33,88,.375,15,41,.366,21,29,.724,12,42,25,10,5,9,15,MEM
33,33,2018-12-23,@,LAL,W,107,99,42,90,.467,14,26,.538,9,14,.643,9,43,24,9,7,9,20,,37,75,.493,10,30,.333,15,22,.682,6,41,27,6,8,16,16,MEM
34,34,2018-12-26,,CLE,W,95,87,36,72,.500,5,22,.227,18,24,.750,3,34,22,7,9,12,16,,33,93,.355,9,29,.310,12,15,.800,19,53,19,9,1,16,21,MEM
35,35,2018-12-29,,BOS,L,103,112,36,76,.474,7,26,.269,24,29,.828,8,36,24,11,2,16,22,,40,80,.500,16,36,.444,16,18,.889,7,36,29,10,4,17,24,MEM
36,36,2018-12-31,@,HOU,L,101,113,38,82,.463,6,25,.240,19,30,.633,6,39,24,11,4,10,31,,31,70,.443,18,41,.439,33,45,.733,7,46,19,5,4,13,25,MEM
37,37,2019-01-02,,DET,L,94,101,36,78,.462,4,18,.222,18,21,.857,8,44,21,2,5,11,22,,36,83,.434,16,40,.400,13,22,.591,7,42,23,7,3,7,17,MEM
38,38,2019-01-04,,BRK,L,100,109,42,93,.452,5,24,.208,11,15,.733,8,40,23,9,5,13,24,,36,79,.456,13,34,.382,24,26,.923,8,45,25,6,2,20,19,MEM
39,39,2019-01-05,@,SAS,L,88,108,31,82,.378,11,28,.393,15,19,.789,8,42,21,12,3,20,29,,36,73,.493,7,22,.318,29,35,.829,3,43,26,10,3,15,19,MEM
40,40,2019-01-07,@,NOP,L,95,114,35,78,.449,10,30,.333,15,18,.833,6,36,28,5,7,18,23,,44,79,.557,6,17,.353,20,29,.690,5,40,27,13,4,14,18,MEM
41,41,2019-01-09,,SAS,W,96,86,37,90,.411,8,33,.242,14,20,.700,9,52,22,6,8,9,22,,30,83,.361,11,27,.407,15,23,.652,8,53,14,4,2,13,19,MEM
42,42,2019-01-12,@,MIA,L,108,112,39,81,.481,9,29,.310,21,27,.778,10,38,18,9,6,10,21,,40,80,.500,15,31,.484,17,24,.708,10,38,25,7,4,14,23,MEM
43,43,2019-01-14,@,HOU,L,94,112,36,71,.507,10,22,.455,12,22,.545,9,43,31,5,5,24,20,,37,84,.440,18,48,.375,20,22,.909,7,36,17,12,3,13,20,MEM
44,44,2019-01-16,,MIL,L,101,111,37,95,.389,10,31,.323,17,25,.680,13,48,29,11,9,14,15,,40,84,.476,12,34,.353,19,22,.864,5,50,27,9,8,15,25,MEM
45,45,2019-01-18,@,BOS,L,116,122,41,92,.446,16,35,.457,18,20,.900,9,39,33,11,5,9,22,,44,86,.512,17,38,.447,17,22,.773,10,52,29,5,9,17,20,MEM
46,46,2019-01-19,@,TOR,L,90,119,34,80,.425,10,29,.345,12,15,.800,10,42,21,7,3,24,13,,44,90,.489,17,36,.472,14,16,.875,8,37,31,19,8,10,17,MEM
47,47,2019-01-21,,NOP,L,85,105,33,88,.375,9,35,.257,10,17,.588,10,35,21,10,1,11,19,,39,74,.527,9,26,.346,18,26,.692,7,50,19,8,7,19,17,MEM
48,48,2019-01-23,,CHO,L,107,118,38,81,.469,9,31,.290,22,24,.917,6,38,25,8,3,10,25,,41,77,.532,12,30,.400,24,31,.774,5,37,23,8,2,9,19,MEM
49,49,2019-01-25,,SAC,L,96,99,34,80,.425,6,20,.300,22,27,.815,9,44,22,13,5,16,22,,37,91,.407,12,33,.364,13,17,.765,12,49,23,11,5,17,25,MEM
50,50,2019-01-26,,IND,W,106,103,39,80,.488,9,28,.321,19,28,.679,8,36,29,8,5,12,24,,32,74,.432,9,27,.333,30,36,.833,7,40,20,7,5,17,26,MEM
51,51,2019-01-28,,DEN,L,92,95,35,78,.449,9,32,.281,13,19,.684,9,42,26,5,7,19,22,,37,84,.440,8,36,.222,13,14,.929,9,37,17,10,2,15,18,MEM
52,52,2019-01-30,@,MIN,L,97,99,36,87,.414,6,23,.261,19,22,.864,14,51,21,3,7,18,27,,37,95,.389,8,35,.229,17,22,.773,11,41,25,12,3,10,24,MEM
53,53,2019-02-01,@,CHO,L,92,100,35,80,.438,9,29,.310,13,17,.765,9,40,23,8,3,11,22,,32,73,.438,12,29,.414,24,28,.857,6,40,15,6,7,12,17,MEM
54,54,2019-02-03,@,NYK,W,96,84,37,91,.407,9,26,.346,13,18,.722,10,49,25,8,4,7,20,,28,74,.378,12,40,.300,16,22,.727,6,45,20,4,6,15,16,MEM
55,55,2019-02-05,,MIN,W,108,106,36,86,.419,15,34,.441,21,29,.724,12,39,18,11,6,8,18,,39,87,.448,9,29,.310,19,20,.950,16,55,26,4,4,15,23,MEM
56,56,2019-02-07,@,OKC,L,95,117,34,77,.442,7,24,.292,20,23,.870,8,45,19,9,4,24,21,,43,90,.478,17,44,.386,14,22,.636,11,44,29,17,2,11,25,MEM
57,57,2019-02-09,,NOP,W,99,90,38,88,.432,8,29,.276,15,18,.833,10,45,27,6,2,10,24,,34,86,.395,6,33,.182,16,27,.593,17,52,25,6,5,15,22,MEM
58,58,2019-02-12,,SAS,L,107,108,44,89,.494,8,24,.333,11,16,.688,8,48,25,5,6,12,23,,36,86,.419,13,21,.619,23,29,.793,10,43,23,6,5,7,14,MEM
59,59,2019-02-13,@,CHI,L,110,122,43,89,.483,11,31,.355,13,17,.765,6,32,33,9,5,8,19,,45,80,.563,8,20,.400,24,29,.828,9,46,28,2,3,14,19,MEM
60,60,2019-02-22,,LAC,L,106,112,33,90,.367,9,32,.281,31,36,.861,11,39,20,10,6,11,31,,35,75,.467,6,25,.240,36,42,.857,7,49,21,8,4,23,30,MEM
61,61,2019-02-23,@,CLE,L,107,112,40,90,.444,5,25,.200,22,28,.786,15,43,18,7,6,12,21,,39,88,.443,16,42,.381,18,23,.783,14,52,25,6,3,18,26,MEM
62,62,2019-02-25,,LAL,W,110,105,41,93,.441,9,36,.250,19,23,.826,15,57,20,7,5,14,21,,40,89,.449,10,27,.370,15,20,.750,10,46,25,8,5,17,28,MEM
63,63,2019-02-27,,CHI,L,107,109,41,94,.436,9,27,.333,16,18,.889,12,46,25,7,5,16,17,,39,82,.476,8,24,.333,23,25,.920,7,42,20,12,9,15,20,MEM
64,64,2019-03-02,@,DAL,W,111,81,39,78,.500,14,34,.412,19,24,.792,4,50,30,4,6,15,30,,26,85,.306,7,40,.175,22,33,.667,13,43,17,9,5,10,23,MEM
65,65,2019-03-03,@,OKC,L,95,99,35,79,.443,7,22,.318,18,19,.947,4,44,22,9,9,20,25,,33,93,.355,9,30,.300,24,33,.727,17,53,19,10,5,14,19,MEM
66,66,2019-03-05,,POR,W,120,111,40,75,.533,13,27,.481,27,36,.750,4,34,22,11,5,16,21,,42,79,.532,9,29,.310,18,21,.857,5,36,25,7,4,20,29,MEM
67,67,2019-03-08,,UTA,W,114,104,46,90,.511,9,22,.409,13,15,.867,8,43,31,5,5,10,18,,35,82,.427,18,48,.375,16,24,.667,10,41,21,8,10,12,20,MEM
68,68,2019-03-10,,ORL,W,105,97,34,82,.415,9,31,.290,28,31,.903,6,45,23,6,6,10,22,,31,87,.356,12,38,.316,23,27,.852,15,53,23,6,4,13,23,MEM
69,69,2019-03-13,@,ATL,L,111,132,38,89,.427,14,40,.350,21,26,.808,9,35,28,8,6,14,17,,52,103,.505,17,45,.378,11,14,.786,15,51,35,9,9,11,26,MEM
70,70,2019-03-16,@,WAS,L,128,135,48,90,.533,12,33,.364,20,26,.769,7,40,35,5,3,8,27,,41,81,.506,17,35,.486,36,43,.837,9,45,26,6,7,11,21,MEM
71,71,2019-03-20,,HOU,W,126,125,41,89,.461,13,37,.351,31,39,.795,15,51,20,8,0,17,19,,42,94,.447,21,48,.438,20,20,1.000,11,39,19,10,4,12,27,MEM
72,72,2019-03-22,@,ORL,L,119,123,47,93,.505,15,38,.395,10,21,.476,10,52,28,5,6,13,24,,44,93,.473,14,39,.359,21,27,.778,4,44,30,6,5,8,16,MEM
73,73,2019-03-23,,MIN,L,99,112,36,96,.375,10,33,.303,17,22,.773,20,47,22,8,4,15,22,,40,83,.482,12,26,.462,20,21,.952,13,49,25,7,10,19,20,MEM
74,74,2019-03-25,,OKC,W,115,103,40,89,.449,11,33,.333,24,31,.774,13,57,31,8,3,11,18,,38,95,.400,12,36,.333,15,20,.750,12,41,17,8,4,10,25,MEM
75,75,2019-03-27,,GSW,L,103,118,39,100,.390,10,31,.323,15,21,.714,19,51,22,11,5,9,16,,45,84,.536,15,31,.484,13,15,.867,6,46,30,9,7,14,19,MEM
76,76,2019-03-30,@,PHO,W,120,115,41,89,.461,8,25,.320,30,40,.750,15,44,24,15,6,11,18,,43,81,.531,12,28,.429,17,23,.739,7,40,27,8,7,19,26,MEM
77,77,2019-03-31,@,LAC,L,96,113,32,85,.376,8,33,.242,24,29,.828,6,34,22,13,6,14,26,,36,75,.480,7,27,.259,34,38,.895,5,47,23,9,5,18,23,MEM
78,78,2019-04-03,@,POR,L,89,116,31,80,.388,11,33,.333,16,19,.842,4,32,20,10,9,13,16,,48,94,.511,10,31,.323,10,16,.625,14,54,28,9,3,13,14,MEM
79,79,2019-04-05,@,DAL,W,122,112,46,96,.479,16,41,.390,14,16,.875,12,50,30,7,2,10,16,,41,96,.427,17,47,.362,13,21,.619,11,42,28,4,4,9,13,MEM
80,80,2019-04-07,,DAL,L,127,129,42,98,.429,19,44,.432,24,28,.857,10,53,32,4,4,7,24,,45,98,.459,12,41,.293,27,34,.794,11,51,31,4,5,6,23,MEM
81,81,2019-04-09,@,DET,L,93,100,33,69,.478,10,24,.417,17,21,.810,7,43,19,4,6,21,24,,35,88,.398,10,34,.294,20,28,.714,14,40,16,13,4,9,21,MEM
82,82,2019-04-10,,GSW,W,132,117,48,98,.490,21,46,.457,15,18,.833,15,49,25,9,0,11,18,,46,92,.500,13,30,.433,12,14,.857,9,39,32,3,5,14,17,MEM
1,1,2018-10-17,@,ORL,L,101,104,38,97,.392,9,33,.273,16,22,.727,14,52,16,4,5,16,28,,39,94,.415,7,25,.280,19,31,.613,14,51,20,7,7,12,25,MIA
2,2,2018-10-18,@,WAS,W,113,112,38,97,.392,12,35,.343,25,34,.735,22,55,25,6,5,16,26,,38,81,.469,7,26,.269,29,39,.744,7,40,19,7,15,14,31,MIA
3,3,2018-10-20,,CHO,L,112,113,41,89,.461,11,34,.324,19,27,.704,12,49,21,4,11,15,27,,41,93,.441,16,42,.381,15,23,.652,12,40,23,6,12,11,27,MIA
4,4,2018-10-24,,NYK,W,110,87,39,82,.476,13,29,.448,19,28,.679,4,51,24,7,5,13,15,,33,91,.363,12,33,.364,9,14,.643,10,45,20,5,3,12,23,MIA
5,5,2018-10-27,,POR,W,120,111,44,96,.458,15,39,.385,17,26,.654,16,56,21,7,8,12,21,,37,88,.420,12,33,.364,25,28,.893,8,42,14,7,8,9,25,MIA
6,6,2018-10-29,,SAC,L,113,123,38,92,.413,13,39,.333,24,34,.706,13,52,20,10,9,18,21,,48,97,.495,12,26,.462,15,25,.600,9,46,28,8,8,12,23,MIA
7,7,2018-10-30,@,CHO,L,113,125,41,87,.471,11,28,.393,20,24,.833,10,34,25,9,5,15,26,,44,81,.543,13,28,.464,24,29,.828,8,39,27,7,5,14,26,MIA
8,8,2018-11-03,@,ATL,L,118,123,41,85,.482,16,40,.400,20,26,.769,13,41,27,6,6,17,20,,46,88,.523,13,32,.406,18,23,.783,8,37,33,11,7,16,21,MIA
9,9,2018-11-05,@,DET,W,120,115,44,98,.449,12,31,.387,20,31,.645,9,50,24,10,8,17,26,,43,105,.410,11,35,.314,18,28,.643,21,60,27,8,3,19,30,MIA
10,10,2018-11-07,,SAS,W,95,88,36,93,.387,10,32,.313,13,18,.722,14,60,21,8,11,13,17,,31,94,.330,13,32,.406,13,14,.929,12,49,19,8,5,12,19,MIA
11,11,2018-11-09,,IND,L,102,110,36,80,.450,14,27,.519,16,27,.593,9,38,27,6,6,23,27,,43,79,.544,7,20,.350,17,29,.586,6,39,20,10,5,18,26,MIA
12,12,2018-11-10,,WAS,L,110,116,39,88,.443,12,33,.364,20,26,.769,14,38,25,5,5,19,31,,40,83,.482,8,22,.364,28,38,.737,16,48,14,8,5,15,25,MIA
13,13,2018-11-12,,PHI,L,114,124,37,77,.481,13,31,.419,27,33,.818,8,40,19,5,6,15,30,,39,83,.470,15,36,.417,31,39,.795,10,42,24,5,0,9,24,MIA
14,14,2018-11-14,@,BRK,W,120,107,46,85,.541,8,29,.276,20,28,.714,6,47,23,6,6,17,27,,41,101,.406,8,28,.286,17,24,.708,16,46,17,10,2,15,29,MIA
15,15,2018-11-16,@,IND,L,91,99,35,93,.376,14,36,.389,7,10,.700,13,51,21,10,5,16,16,,36,81,.444,14,27,.519,13,15,.867,4,47,22,10,6,19,14,MIA
16,16,2018-11-18,,LAL,L,97,113,35,87,.402,13,32,.406,14,19,.737,12,48,20,3,5,12,21,,42,95,.442,11,27,.407,18,21,.857,14,50,16,7,5,9,19,MIA
17,17,2018-11-20,,BRK,L,92,104,36,100,.360,7,32,.219,13,20,.650,18,52,18,5,6,14,24,,38,88,.432,8,31,.258,20,26,.769,13,53,17,6,4,11,21,MIA
18,18,2018-11-23,@,CHI,W,103,96,37,87,.425,10,34,.294,19,31,.613,10,48,20,10,11,14,21,,35,94,.372,7,28,.250,19,20,.950,11,51,23,8,6,17,23,MIA
19,19,2018-11-25,@,TOR,L,115,125,39,95,.411,15,36,.417,22,32,.688,17,46,21,6,5,7,22,,47,90,.522,11,35,.314,20,25,.800,11,47,25,4,7,9,21,MIA
20,20,2018-11-27,,ATL,L,113,115,40,87,.460,13,38,.342,20,30,.667,11,43,22,20,3,20,25,,38,80,.475,12,31,.387,27,32,.844,10,46,22,13,7,24,24,MIA
21,21,2018-11-30,,NOP,W,106,101,40,93,.430,11,33,.333,15,24,.625,13,46,22,10,4,10,24,,35,82,.427,6,28,.214,25,29,.862,11,46,25,4,8,16,22,MIA
22,22,2018-12-02,,UTA,W,102,100,36,91,.396,13,31,.419,17,24,.708,14,50,20,8,8,13,16,,39,89,.438,11,33,.333,11,15,.733,10,50,21,8,6,13,18,MIA
23,23,2018-12-04,,ORL,L,90,105,38,91,.418,12,35,.343,2,5,.400,16,47,19,7,11,15,19,,38,86,.442,14,28,.500,15,20,.750,11,43,22,5,4,11,13,MIA
24,24,2018-12-07,@,PHO,W,115,98,42,86,.488,15,37,.405,16,18,.889,6,40,32,10,5,12,16,,36,79,.456,14,34,.412,12,16,.750,4,42,27,7,4,20,21,MIA
25,25,2018-12-08,@,LAC,W,121,98,40,92,.435,13,39,.333,28,39,.718,14,57,27,9,6,11,24,,33,89,.371,7,29,.241,25,31,.806,13,49,16,5,8,16,26,MIA
26,26,2018-12-10,@,LAL,L,105,108,42,94,.447,11,34,.324,10,13,.769,14,50,29,9,7,17,19,,41,90,.456,14,32,.438,12,20,.600,12,46,24,9,7,12,10,MIA
27,27,2018-12-12,@,UTA,L,84,111,29,77,.377,12,33,.364,14,24,.583,2,30,16,10,2,13,22,,40,76,.526,16,32,.500,15,21,.714,7,52,29,6,4,17,19,MIA
28,28,2018-12-14,@,MEM,W,100,97,36,82,.439,15,39,.385,13,18,.722,14,50,30,3,8,16,20,,35,83,.422,8,29,.276,19,25,.760,10,34,21,9,5,7,18,MIA
29,29,2018-12-16,@,NOP,W,102,96,38,91,.418,10,35,.286,16,23,.696,22,57,22,6,4,18,21,,35,86,.407,13,36,.361,13,17,.765,11,38,26,12,5,10,22,MIA
30,30,2018-12-20,,HOU,W,101,99,36,93,.387,9,39,.231,20,34,.588,20,61,22,6,4,9,18,,29,82,.354,18,54,.333,23,30,.767,8,41,20,6,3,8,23,MIA
31,31,2018-12-22,,MIL,W,94,87,34,89,.382,10,32,.313,16,23,.696,11,57,22,9,3,12,18,,31,84,.369,9,43,.209,16,22,.727,6,48,20,6,9,15,19,MIA
32,32,2018-12-23,@,ORL,W,115,91,43,85,.506,16,31,.516,13,19,.684,9,39,27,11,3,11,26,,29,70,.414,10,28,.357,23,32,.719,12,40,15,4,5,19,19,MIA
33,33,2018-12-26,,TOR,L,104,106,43,83,.518,12,29,.414,6,12,.500,6,35,28,10,6,12,17,,37,79,.468,13,30,.433,19,23,.826,10,43,19,8,2,16,16,MIA
34,34,2018-12-28,,CLE,W,118,94,48,91,.527,10,31,.323,12,16,.750,10,45,29,8,5,7,21,,31,81,.383,13,37,.351,19,22,.864,9,42,21,6,2,14,15,MIA
35,35,2018-12-30,,MIN,L,104,113,37,90,.411,8,24,.333,22,28,.786,17,52,19,8,6,19,28,,38,94,.404,8,24,.333,29,36,.806,17,49,24,11,10,10,22,MIA
36,36,2019-01-02,@,CLE,W,117,92,44,86,.512,16,31,.516,13,17,.765,13,47,29,8,3,13,13,,34,75,.453,13,31,.419,11,13,.846,2,22,23,8,3,12,16,MIA
37,37,2019-01-04,,WAS,W,115,109,44,91,.484,9,29,.310,18,25,.720,11,48,28,7,6,16,18,,42,98,.429,10,36,.278,15,19,.789,10,41,24,8,2,10,18,MIA
38,38,2019-01-06,@,ATL,L,82,106,31,87,.356,5,34,.147,15,27,.556,12,41,23,11,7,13,17,,43,91,.473,10,24,.417,10,13,.769,14,59,25,7,2,17,22,MIA
39,39,2019-01-08,,DEN,L,99,103,38,83,.458,8,31,.258,15,25,.600,9,38,24,9,8,6,18,,41,87,.471,9,27,.333,12,17,.706,15,50,32,2,2,16,20,MIA
40,40,2019-01-10,,BOS,W,115,99,46,96,.479,18,39,.462,5,8,.625,10,51,33,7,4,8,18,,36,89,.404,12,34,.353,15,17,.882,9,37,20,5,8,10,10,MIA
41,41,2019-01-12,,MEM,W,112,108,40,80,.500,15,31,.484,17,24,.708,10,38,25,7,4,14,23,,39,81,.481,9,29,.310,21,27,.778,10,38,18,9,6,10,21,MIA
42,42,2019-01-15,@,MIL,L,86,124,36,86,.419,8,34,.235,6,8,.750,4,43,27,2,6,17,14,,48,96,.500,17,39,.436,11,18,.611,7,53,35,8,6,7,12,MIA
43,43,2019-01-18,@,DET,L,93,98,39,77,.506,10,29,.345,5,19,.263,7,45,25,3,6,19,20,,35,82,.427,13,33,.394,15,18,.833,8,42,23,7,2,11,20,MIA
44,44,2019-01-19,@,CHI,W,117,103,45,79,.570,13,32,.406,14,23,.609,7,46,27,5,6,17,23,,35,89,.393,12,27,.444,21,26,.808,12,43,19,9,1,13,25,MIA
45,45,2019-01-21,@,BOS,L,99,107,36,86,.419,11,35,.314,16,18,.889,10,38,25,11,5,19,16,,43,87,.494,12,30,.400,9,10,.900,8,36,26,13,7,19,21,MIA
46,46,2019-01-23,,LAC,L,99,111,39,83,.470,8,28,.286,13,22,.591,12,40,23,3,3,14,19,,45,85,.529,7,22,.318,14,21,.667,7,41,23,5,3,7,20,MIA
47,47,2019-01-25,@,CLE,W,100,94,37,79,.468,9,23,.391,17,25,.680,11,47,19,6,4,14,18,,37,85,.435,10,30,.333,10,13,.769,9,42,23,8,2,13,21,MIA
48,48,2019-01-27,@,NYK,W,106,97,39,84,.464,12,33,.364,16,18,.889,8,47,26,6,5,15,24,,36,84,.429,7,26,.269,18,24,.750,7,38,22,13,3,11,20,MIA
49,49,2019-01-30,,CHI,L,89,105,34,89,.382,12,42,.286,9,13,.692,15,47,22,6,2,14,20,,40,78,.513,8,19,.421,17,21,.810,5,40,26,6,3,12,20,MIA
50,50,2019-02-01,,OKC,L,102,118,41,92,.446,11,36,.306,9,14,.643,11,47,28,7,2,17,17,,44,91,.484,16,30,.533,14,19,.737,13,50,23,10,4,15,20,MIA
51,51,2019-02-02,,IND,L,88,95,30,71,.423,9,30,.300,19,26,.731,10,43,21,8,4,23,19,,38,89,.427,7,24,.292,12,17,.706,14,43,26,15,4,13,20,MIA
52,52,2019-02-05,@,POR,W,118,108,45,83,.542,7,22,.318,21,25,.840,8,46,18,11,7,12,15,,42,93,.452,15,39,.385,9,12,.750,7,33,30,6,2,11,21,MIA
53,53,2019-02-08,@,SAC,L,96,102,38,88,.432,11,33,.333,9,19,.474,11,49,26,6,8,18,21,,37,90,.411,9,26,.346,19,25,.760,10,46,18,11,5,13,17,MIA
54,54,2019-02-10,@,GSW,L,118,120,48,105,.457,18,43,.419,4,8,.500,21,52,32,6,4,16,22,,44,82,.537,13,36,.361,19,26,.731,7,36,28,8,5,12,16,MIA
55,55,2019-02-11,@,DEN,L,87,103,34,82,.415,9,33,.273,10,16,.625,7,47,23,10,5,16,16,,38,89,.427,16,37,.432,11,13,.846,10,45,27,7,6,15,17,MIA
56,56,2019-02-13,@,DAL,W,112,101,44,81,.543,12,30,.400,12,16,.750,7,47,24,8,3,18,20,,34,88,.386,15,52,.288,18,22,.818,10,38,24,10,0,12,17,MIA
57,57,2019-02-21,@,PHI,L,102,106,45,94,.479,6,22,.273,6,12,.500,7,40,27,11,4,9,28,,37,82,.451,7,26,.269,25,35,.714,12,51,23,5,4,15,13,MIA
58,58,2019-02-23,,DET,L,96,119,35,82,.427,7,28,.250,19,27,.704,9,33,18,6,6,13,22,,42,80,.525,14,33,.424,21,26,.808,7,41,21,6,5,14,24,MIA
59,59,2019-02-25,,PHO,L,121,124,48,97,.495,9,29,.310,16,20,.800,14,44,31,10,4,14,20,,45,89,.506,13,32,.406,21,25,.840,7,39,30,9,1,14,20,MIA
60,60,2019-02-27,,GSW,W,126,125,42,83,.506,18,41,.439,24,30,.800,12,48,20,4,6,13,31,,44,89,.494,17,48,.354,20,28,.714,8,37,21,7,3,8,21,MIA
61,61,2019-02-28,@,HOU,L,118,121,42,81,.519,15,28,.536,19,24,.792,8,34,28,9,2,14,22,,38,77,.494,19,46,.413,26,28,.929,8,36,22,6,5,15,21,MIA
62,62,2019-03-02,,BRK,W,117,88,44,90,.489,14,34,.412,15,22,.682,11,57,36,5,9,11,19,,31,88,.352,9,42,.214,17,22,.773,7,36,20,6,6,11,14,MIA
63,63,2019-03-04,,ATL,W,114,113,44,79,.557,9,23,.391,17,24,.708,7,40,23,9,7,18,24,,38,91,.418,17,46,.370,20,25,.800,16,42,25,9,2,14,21,MIA
64,64,2019-03-06,@,CHO,W,91,84,38,90,.422,9,26,.346,6,11,.545,17,51,19,10,7,18,16,,30,82,.366,14,36,.389,10,15,.667,10,40,22,7,4,19,19,MIA
65,65,2019-03-08,,CLE,W,126,110,45,79,.570,12,25,.480,24,33,.727,14,45,31,5,5,12,15,,39,81,.481,19,43,.442,13,16,.813,6,28,28,6,1,15,25,MIA
66,66,2019-03-10,,TOR,L,104,125,42,92,.457,8,27,.296,12,21,.571,9,36,27,13,0,13,22,,42,74,.568,21,40,.525,20,26,.769,6,44,32,8,8,19,23,MIA
67,67,2019-03-13,,DET,W,108,74,39,84,.464,11,28,.393,19,24,.792,13,51,22,10,5,11,18,,27,77,.351,8,37,.216,12,18,.667,10,37,20,7,7,17,23,MIA
68,68,2019-03-15,,MIL,L,98,113,38,93,.409,8,22,.364,14,25,.560,10,45,21,7,5,12,18,,42,88,.477,12,33,.364,17,24,.708,8,52,29,8,9,15,21,MIA
69,69,2019-03-17,,CHO,W,93,75,34,86,.395,13,33,.394,12,19,.632,15,55,25,6,7,11,21,,26,83,.313,7,36,.194,16,18,.889,11,44,11,6,5,12,19,MIA
70,70,2019-03-18,@,OKC,W,116,107,46,97,.474,9,29,.310,15,16,.938,9,44,30,13,4,8,23,,38,87,.437,10,37,.270,21,27,.778,13,49,21,4,8,19,17,MIA
71,71,2019-03-20,@,SAS,W,110,105,40,86,.465,16,35,.457,14,18,.778,6,48,23,6,5,10,21,,38,88,.432,14,34,.412,15,21,.714,10,46,30,2,3,8,13,MIA
72,72,2019-03-22,@,MIL,L,87,116,32,85,.376,11,37,.297,12,23,.522,10,40,20,7,6,9,18,,43,85,.506,17,34,.500,13,20,.650,9,52,33,5,5,14,23,MIA
73,73,2019-03-23,@,WAS,W,113,108,44,88,.500,12,39,.308,13,19,.684,12,44,29,5,10,11,23,,41,96,.427,9,30,.300,17,23,.739,21,53,25,5,2,12,20,MIA
74,74,2019-03-26,,ORL,L,99,104,36,86,.419,10,33,.303,17,21,.810,6,39,25,10,1,11,22,,37,89,.416,14,42,.333,16,23,.696,15,55,27,5,5,15,19,MIA
75,75,2019-03-28,,DAL,W,105,99,39,89,.438,7,30,.233,20,27,.741,10,55,24,7,4,10,22,,36,92,.391,16,47,.340,11,17,.647,10,50,26,4,2,13,21,MIA
76,76,2019-03-30,@,NYK,W,100,92,39,90,.433,9,32,.281,13,17,.765,14,51,26,11,3,18,21,,31,77,.403,9,38,.237,21,25,.840,8,42,20,10,7,18,16,MIA
77,77,2019-04-01,@,BOS,L,105,110,40,88,.455,10,37,.270,15,18,.833,9,48,27,9,6,15,17,,36,91,.396,17,40,.425,21,24,.875,14,49,25,8,2,12,18,MIA
78,78,2019-04-03,,BOS,L,102,112,39,95,.411,12,36,.333,12,20,.600,16,47,25,6,5,15,23,,38,80,.475,9,24,.375,27,31,.871,6,42,25,8,7,11,21,MIA
79,79,2019-04-05,@,MIN,L,109,111,45,88,.511,10,34,.294,9,12,.750,9,38,24,10,6,17,23,,43,86,.500,8,24,.333,17,21,.810,9,43,25,10,2,18,18,MIA
80,80,2019-04-07,@,TOR,L,109,117,41,100,.410,13,34,.382,14,19,.737,12,55,27,5,2,11,22,,39,87,.448,16,41,.390,23,27,.852,4,47,26,7,5,11,17,MIA
81,81,2019-04-09,,PHI,W,122,99,46,87,.529,13,27,.481,17,23,.739,7,44,29,6,10,14,18,,40,98,.408,5,25,.200,14,16,.875,11,46,22,11,0,14,19,MIA
82,82,2019-04-10,@,BRK,L,94,113,38,98,.388,8,41,.195,10,15,.667,8,54,22,9,4,14,12,,43,114,.377,21,58,.362,6,7,.857,20,68,29,7,3,12,13,MIA
1,1,2018-10-17,@,HOU,W,131,112,52,98,.531,10,25,.400,17,22,.773,14,54,36,8,3,12,25,,39,92,.424,16,48,.333,18,24,.750,8,37,21,8,7,11,22,NOP
2,2,2018-10-19,,SAC,W,149,129,56,95,.589,16,31,.516,21,33,.636,12,52,35,6,4,16,25,,50,96,.521,10,25,.400,19,26,.731,9,39,24,6,2,13,26,NOP
3,3,2018-10-23,,LAC,W,116,109,40,93,.430,6,24,.250,30,40,.750,12,48,22,12,8,8,24,,41,87,.471,5,20,.250,22,27,.815,9,47,18,5,4,16,26,NOP
4,4,2018-10-26,,BRK,W,117,115,44,98,.449,9,23,.391,20,26,.769,15,46,23,11,11,11,20,,43,98,.439,19,40,.475,10,15,.667,16,54,26,6,8,18,22,NOP
5,5,2018-10-27,,UTA,L,111,132,40,95,.421,9,34,.265,22,29,.759,11,40,22,4,5,16,32,,46,88,.523,10,32,.313,30,37,.811,6,43,32,7,7,13,26,NOP
6,6,2018-10-29,@,DEN,L,111,116,43,82,.524,11,24,.458,14,20,.700,7,44,28,8,5,22,25,,42,93,.452,11,35,.314,21,23,.913,9,41,28,14,5,13,17,NOP
7,7,2018-10-31,@,GSW,L,121,131,44,92,.478,12,35,.343,21,27,.778,12,42,24,8,2,15,26,,47,89,.528,16,32,.500,21,30,.700,12,46,39,10,4,17,24,NOP
8,8,2018-11-01,@,POR,L,119,132,40,94,.426,8,29,.276,31,37,.838,14,44,23,7,3,12,24,,44,87,.506,18,35,.514,26,31,.839,8,46,26,4,4,14,30,NOP
9,9,2018-11-03,@,SAS,L,95,109,36,77,.468,6,21,.286,17,30,.567,6,48,22,3,8,16,21,,45,96,.469,8,23,.348,11,14,.786,8,43,29,8,4,9,21,NOP
10,10,2018-11-05,@,OKC,L,116,122,41,84,.488,9,29,.310,25,30,.833,11,45,27,8,5,20,26,,45,93,.484,10,27,.370,22,31,.710,9,41,26,15,3,12,23,NOP
11,11,2018-11-07,,CHI,W,107,98,42,94,.447,11,30,.367,12,17,.706,11,55,32,5,10,15,18,,38,96,.396,9,31,.290,13,17,.765,7,46,18,9,7,11,16,NOP
12,12,2018-11-10,,PHO,W,119,99,42,86,.488,11,25,.440,24,29,.828,16,54,28,7,7,18,18,,35,86,.407,10,36,.278,19,20,.950,10,37,16,10,7,14,27,NOP
13,13,2018-11-12,@,TOR,W,126,110,54,99,.545,10,27,.370,8,13,.615,14,54,30,2,4,13,20,,39,97,.402,13,45,.289,19,22,.864,13,43,22,9,5,10,20,NOP
14,14,2018-11-14,@,MIN,L,100,107,40,94,.426,9,28,.321,11,18,.611,10,46,25,7,6,18,21,,37,90,.411,14,32,.438,19,24,.792,11,47,29,14,6,15,22,NOP
15,15,2018-11-16,,NYK,W,129,124,48,99,.485,10,34,.294,23,32,.719,11,54,27,5,5,15,25,,48,98,.490,11,34,.324,17,24,.708,12,44,15,10,6,13,31,NOP
16,16,2018-11-17,,DEN,W,125,115,42,87,.483,10,25,.400,31,34,.912,10,46,29,6,8,11,18,,46,95,.484,15,39,.385,8,13,.615,10,43,30,5,6,13,23,NOP
17,17,2018-11-19,,SAS,W,140,126,59,102,.578,10,26,.385,12,14,.857,14,42,34,10,5,10,23,,45,94,.479,12,24,.500,24,30,.800,18,44,22,7,0,15,20,NOP
18,18,2018-11-21,@,PHI,L,120,121,42,98,.429,11,30,.367,25,33,.758,20,54,24,8,8,15,21,,44,98,.449,10,29,.345,23,26,.885,11,47,27,7,7,16,26,NOP
19,19,2018-11-23,@,NYK,L,109,114,40,101,.396,7,28,.250,22,29,.759,20,55,26,5,5,14,22,,41,91,.451,12,33,.364,20,27,.741,12,46,22,9,10,8,26,NOP
20,20,2018-11-24,@,WAS,L,114,124,43,90,.478,11,31,.355,17,21,.810,7,43,23,10,3,16,21,,51,90,.567,10,29,.345,12,23,.522,5,45,30,12,9,14,16,NOP
21,21,2018-11-26,,BOS,L,107,124,34,77,.442,12,32,.375,27,29,.931,9,40,21,8,5,22,20,,48,97,.495,19,39,.487,9,10,.900,14,42,27,14,4,13,25,NOP
22,22,2018-11-28,,WAS,W,125,104,46,95,.484,11,36,.306,22,28,.786,17,64,24,10,5,20,20,,41,95,.432,13,39,.333,9,16,.563,12,38,26,12,2,16,22,NOP
23,23,2018-11-30,@,MIA,L,101,106,35,82,.427,6,28,.214,25,29,.862,11,46,25,4,8,16,22,,40,93,.430,11,33,.333,15,24,.625,13,46,22,10,4,10,24,NOP
24,24,2018-12-02,@,CHO,W,119,109,44,86,.512,11,32,.344,20,24,.833,9,50,30,6,5,17,25,,39,91,.429,10,36,.278,21,28,.750,11,41,25,9,6,11,19,NOP
25,25,2018-12-03,,LAC,L,126,129,49,92,.533,13,34,.382,15,22,.682,10,35,32,10,5,7,24,,49,83,.590,8,20,.400,23,30,.767,7,39,29,4,1,12,21,NOP
26,26,2018-12-05,,DAL,W,132,106,51,92,.554,17,29,.586,13,20,.650,5,46,36,12,6,11,15,,39,91,.429,14,46,.304,14,21,.667,11,45,26,7,4,18,17,NOP
27,27,2018-12-07,,MEM,L,103,107,38,84,.452,7,29,.241,20,24,.833,10,42,25,5,5,18,25,,39,83,.470,8,19,.421,21,28,.750,10,42,30,10,7,11,25,NOP
28,28,2018-12-09,@,DET,W,116,108,42,79,.532,12,30,.400,20,23,.870,8,47,27,5,8,18,19,,43,98,.439,9,29,.310,13,24,.542,17,47,28,8,5,10,22,NOP
29,29,2018-12-10,@,BOS,L,100,113,39,87,.448,8,26,.308,14,19,.737,6,39,28,11,1,13,19,,44,90,.489,12,39,.308,13,19,.684,14,51,23,8,5,13,21,NOP
30,30,2018-12-12,,OKC,W,118,114,45,97,.464,4,18,.222,24,30,.800,17,56,29,14,3,17,27,,42,87,.483,13,43,.302,17,27,.630,9,39,23,10,6,18,27,NOP
31,31,2018-12-16,,MIA,L,96,102,35,86,.407,13,36,.361,13,17,.765,11,38,26,12,5,10,22,,38,91,.418,10,35,.286,16,23,.696,22,57,22,6,4,18,21,NOP
32,32,2018-12-19,@,MIL,L,115,123,43,92,.467,19,42,.452,10,15,.667,7,41,28,6,7,15,22,,43,85,.506,13,33,.394,24,30,.800,9,48,26,11,3,14,18,NOP
33,33,2018-12-21,@,LAL,L,104,112,44,102,.431,8,27,.296,8,16,.500,14,53,27,8,6,12,24,,43,92,.467,8,32,.250,18,25,.720,8,48,28,7,4,12,17,NOP
34,34,2018-12-23,@,SAC,L,117,122,44,94,.468,6,26,.231,23,28,.821,12,58,26,6,9,12,29,,42,100,.420,14,31,.452,24,33,.727,12,50,26,9,4,9,21,NOP
35,35,2018-12-26,@,DAL,L,119,122,42,90,.467,12,27,.444,23,30,.767,7,39,25,4,2,10,27,,39,81,.481,12,35,.343,32,38,.842,8,46,23,3,13,12,25,NOP
36,36,2018-12-28,,DAL,W,114,112,44,96,.458,4,23,.174,22,27,.815,20,49,22,7,4,11,28,,37,78,.474,15,32,.469,23,33,.697,11,39,19,7,6,16,22,NOP
37,37,2018-12-29,,HOU,L,104,108,41,92,.446,9,28,.321,13,17,.765,8,45,25,7,5,14,23,,35,81,.432,16,46,.348,22,28,.786,8,39,21,9,7,12,20,NOP
38,38,2018-12-31,,MIN,W,123,114,45,87,.517,14,25,.560,19,21,.905,11,44,28,3,2,15,21,,43,93,.462,9,28,.321,19,23,.826,12,39,29,10,9,7,18,NOP
39,39,2019-01-02,@,BRK,L,121,126,46,87,.529,10,23,.435,19,27,.704,10,41,19,7,5,12,20,,47,93,.505,16,31,.516,16,21,.762,12,43,27,7,5,10,23,NOP
40,40,2019-01-05,@,CLE,W,133,98,47,81,.580,14,27,.519,25,29,.862,10,44,29,13,7,14,18,,36,88,.409,12,33,.364,14,18,.778,10,34,22,12,3,17,23,NOP
41,41,2019-01-07,,MEM,W,114,95,44,79,.557,6,17,.353,20,29,.690,5,40,27,13,4,14,18,,35,78,.449,10,30,.333,15,18,.833,6,36,28,5,7,18,23,NOP
42,42,2019-01-09,,CLE,W,140,124,46,84,.548,12,29,.414,36,39,.923,11,44,33,7,7,16,21,,42,88,.477,14,30,.467,26,30,.867,9,31,27,7,3,13,30,NOP
43,43,2019-01-12,@,MIN,L,106,110,40,87,.460,5,24,.208,21,24,.875,10,48,22,7,8,15,20,,40,93,.430,11,39,.282,19,24,.792,15,50,23,7,5,13,20,NOP
44,44,2019-01-14,@,LAC,W,121,117,46,105,.438,8,25,.320,21,28,.750,15,49,28,8,7,6,19,,41,86,.477,18,36,.500,17,24,.708,8,50,34,4,7,16,21,NOP
45,45,2019-01-16,@,GSW,L,140,147,47,98,.480,19,37,.514,27,33,.818,7,49,36,6,5,10,23,,49,102,.480,24,49,.490,25,31,.806,10,57,33,8,5,10,24,NOP
46,46,2019-01-18,@,POR,L,112,128,41,84,.488,8,25,.320,22,27,.815,7,41,23,4,6,12,24,,48,103,.466,11,34,.324,21,26,.808,18,53,30,8,3,6,22,NOP
47,47,2019-01-21,@,MEM,W,105,85,39,74,.527,9,26,.346,18,26,.692,7,50,19,8,7,19,17,,33,88,.375,9,35,.257,10,17,.588,10,35,21,10,1,11,19,NOP
48,48,2019-01-23,,DET,L,94,98,42,91,.462,6,22,.273,4,9,.444,8,49,20,3,9,12,18,,36,89,.404,13,39,.333,13,19,.684,9,49,24,5,3,9,15,NOP
49,49,2019-01-24,@,OKC,L,116,122,49,101,.485,10,36,.278,8,12,.667,8,42,34,7,6,12,16,,50,101,.495,14,32,.438,8,16,.500,14,57,33,8,2,14,15,NOP
50,50,2019-01-26,,SAS,L,114,126,45,96,.469,7,27,.259,17,24,.708,10,41,26,6,6,8,18,,47,91,.516,11,24,.458,21,25,.840,9,51,30,5,3,9,19,NOP
51,51,2019-01-29,@,HOU,W,121,116,46,90,.511,9,31,.290,20,25,.800,13,55,27,8,9,17,17,,40,101,.396,19,56,.339,17,24,.708,15,45,22,11,5,12,20,NOP
52,52,2019-01-30,,DEN,L,99,105,37,89,.416,15,36,.417,10,13,.769,8,48,27,4,4,14,20,,42,89,.472,9,30,.300,12,19,.632,6,43,31,10,7,9,17,NOP
53,53,2019-02-02,@,SAS,L,108,113,43,96,.448,10,35,.286,12,12,1.000,5,42,26,6,4,8,16,,44,92,.478,9,23,.391,16,18,.889,10,50,29,5,2,11,16,NOP
54,54,2019-02-04,,IND,L,107,109,39,90,.433,9,38,.237,20,24,.833,13,55,26,6,4,16,19,,41,91,.451,10,28,.357,17,24,.708,8,43,25,5,3,9,17,NOP
55,55,2019-02-06,@,CHI,W,125,120,45,85,.529,15,35,.429,20,30,.667,14,46,26,1,6,11,18,,45,91,.495,16,36,.444,14,19,.737,9,36,27,8,6,8,23,NOP
56,56,2019-02-08,,MIN,W,122,117,43,91,.473,9,30,.300,27,28,.964,8,45,27,11,7,11,21,,46,91,.505,9,21,.429,16,22,.727,10,49,22,6,8,15,20,NOP
57,57,2019-02-09,@,MEM,L,90,99,34,86,.395,6,33,.182,16,27,.593,17,52,25,6,5,15,22,,38,88,.432,8,29,.276,15,18,.833,10,45,27,6,2,10,24,NOP
58,58,2019-02-12,,ORL,L,88,118,36,94,.383,10,29,.345,6,8,.750,8,42,21,5,8,14,16,,42,95,.442,13,32,.406,21,22,.955,12,58,32,9,8,10,14,NOP
59,59,2019-02-14,,OKC,W,131,122,50,92,.543,12,26,.462,19,24,.792,13,51,35,7,7,14,15,,50,106,.472,10,44,.227,12,13,.923,17,48,27,8,6,13,21,NOP
60,60,2019-02-22,@,IND,L,111,126,43,93,.462,8,27,.296,17,30,.567,14,51,25,5,5,17,25,,44,93,.473,14,32,.438,24,35,.686,13,48,28,10,5,11,24,NOP
61,61,2019-02-23,,LAL,W,128,115,50,96,.521,15,40,.375,13,16,.813,9,41,31,14,4,17,21,,44,81,.543,10,29,.345,17,26,.654,6,39,33,10,3,23,21,NOP
62,62,2019-02-25,,PHI,L,110,111,44,104,.423,5,28,.179,17,24,.708,14,54,29,15,8,13,19,,44,101,.436,10,31,.323,13,19,.684,15,58,23,9,8,19,19,NOP
63,63,2019-02-27,@,LAL,L,119,125,46,102,.451,7,35,.200,20,27,.741,14,52,31,6,3,13,27,,49,94,.521,8,25,.320,19,31,.613,6,39,37,7,8,8,22,NOP
64,64,2019-03-01,@,PHO,W,130,116,50,87,.575,16,27,.593,14,20,.700,10,50,34,13,4,24,18,,40,94,.426,12,34,.353,24,28,.857,12,39,25,17,2,19,21,NOP
65,65,2019-03-02,@,DEN,W,120,112,45,92,.489,12,30,.400,18,26,.692,12,47,28,10,4,21,25,,39,92,.424,9,32,.281,25,29,.862,10,44,25,13,7,16,22,NOP
66,66,2019-03-04,@,UTA,W,115,112,46,96,.479,9,20,.450,14,18,.778,12,44,24,12,5,8,20,,43,92,.467,14,38,.368,12,14,.857,13,47,35,3,6,18,17,NOP
67,67,2019-03-06,,UTA,L,104,114,41,89,.461,9,24,.375,13,20,.650,7,41,17,6,4,17,23,,46,88,.523,8,30,.267,14,22,.636,9,45,31,9,8,20,20,NOP
68,68,2019-03-08,,TOR,L,104,127,43,105,.410,10,39,.256,8,13,.615,14,51,28,11,0,17,12,,53,99,.535,13,37,.351,8,9,.889,7,51,31,10,12,16,14,NOP
69,69,2019-03-10,@,ATL,L,116,128,45,101,.446,18,41,.439,8,8,1.000,5,42,29,6,9,8,17,,48,98,.490,17,37,.459,15,18,.833,10,56,30,4,5,9,12,NOP
70,70,2019-03-12,,MIL,L,113,130,46,107,.430,10,47,.213,11,16,.688,13,50,27,3,4,15,23,,48,97,.495,10,36,.278,24,28,.857,5,52,27,5,4,13,20,NOP
71,71,2019-03-15,,POR,L,110,122,45,94,.479,8,30,.267,12,25,.480,14,45,31,7,6,11,23,,43,96,.448,10,27,.370,26,32,.813,17,54,26,7,8,15,18,NOP
72,72,2019-03-16,,PHO,L,136,138,47,102,.461,15,30,.500,27,41,.659,18,57,34,11,4,22,30,,51,100,.510,9,29,.310,27,36,.750,11,48,31,10,7,22,33,NOP
73,73,2019-03-18,@,DAL,W,129,125,49,104,.471,12,39,.308,19,22,.864,14,55,34,7,6,17,28,,46,105,.438,9,35,.257,24,29,.828,14,50,27,9,6,15,26,NOP
74,74,2019-03-20,@,ORL,L,96,119,38,102,.373,10,34,.294,10,13,.769,14,49,24,9,2,13,15,,46,102,.451,15,38,.395,12,14,.857,20,65,28,8,10,14,14,NOP
75,75,2019-03-24,,HOU,L,90,113,38,92,.413,7,28,.250,7,10,.700,15,44,26,9,3,15,9,,42,86,.488,21,49,.429,8,9,.889,13,50,24,10,5,17,16,NOP
76,76,2019-03-26,,ATL,L,120,130,39,83,.470,12,34,.353,30,40,.750,8,45,28,10,6,24,23,,44,97,.454,19,51,.373,23,26,.885,9,41,30,13,4,16,26,NOP
77,77,2019-03-28,,SAC,W,121,118,49,97,.505,9,28,.321,14,14,1.000,8,45,27,6,6,12,16,,47,95,.495,10,23,.435,14,16,.875,8,44,28,6,10,12,19,NOP
78,78,2019-03-31,,LAL,L,102,130,38,83,.458,8,31,.258,18,21,.857,5,45,19,5,1,24,16,,48,101,.475,15,38,.395,19,22,.864,11,46,30,16,5,10,20,NOP
79,79,2019-04-03,,CHO,L,109,115,40,85,.471,15,41,.366,14,17,.824,7,48,25,7,4,19,27,,38,90,.422,12,34,.353,27,32,.844,11,48,19,13,5,11,15,NOP
80,80,2019-04-05,@,PHO,L,126,133,49,101,.485,8,23,.348,20,27,.741,15,53,28,4,4,15,21,,51,104,.490,14,36,.389,17,21,.810,13,46,27,12,11,7,18,NOP
81,81,2019-04-07,@,SAC,W,133,129,52,101,.515,19,42,.452,10,12,.833,14,55,28,4,11,15,16,,50,109,.459,16,40,.400,13,17,.765,16,47,27,10,4,6,13,NOP
82,82,2019-04-09,,GSW,L,103,112,44,99,.444,9,33,.273,6,10,.600,7,42,29,9,1,10,15,,43,89,.483,12,30,.400,14,21,.667,11,58,25,8,3,14,17,NOP
1,1,2018-10-17,,ATL,W,126,107,45,99,.455,12,33,.364,24,31,.774,10,46,21,12,6,15,23,,41,90,.456,10,36,.278,15,18,.833,7,45,19,7,3,24,30,NYK
2,2,2018-10-19,@,BRK,L,105,107,39,97,.402,9,28,.321,18,20,.900,12,36,14,10,1,3,19,,37,75,.493,12,30,.400,21,24,.875,12,55,22,2,6,22,23,NYK
3,3,2018-10-20,,BOS,L,101,103,36,87,.414,12,35,.343,17,27,.630,11,46,23,8,1,16,25,,33,82,.402,9,25,.360,28,33,.848,11,47,21,8,2,15,26,NYK
4,4,2018-10-22,@,MIL,L,113,124,45,99,.455,10,29,.345,13,15,.867,11,43,22,6,2,11,21,,45,96,.469,17,40,.425,17,24,.708,19,55,27,5,9,14,18,NYK
5,5,2018-10-24,@,MIA,L,87,110,33,91,.363,12,33,.364,9,14,.643,10,45,20,5,3,12,23,,39,82,.476,13,29,.448,19,28,.679,4,51,24,7,5,13,15,NYK
6,6,2018-10-26,,GSW,L,100,128,39,90,.433,13,39,.333,9,12,.750,11,40,17,6,1,19,18,,51,87,.586,16,33,.485,10,12,.833,6,39,26,10,6,14,16,NYK
7,7,2018-10-29,,BRK,W,115,96,45,92,.489,9,24,.375,16,18,.889,16,53,21,5,3,13,21,,34,84,.405,11,38,.289,17,22,.773,11,32,22,6,7,10,20,NYK
8,8,2018-10-31,,IND,L,101,107,34,79,.430,12,25,.480,21,24,.875,9,35,18,6,6,17,19,,45,83,.542,6,20,.300,11,17,.647,10,41,24,10,10,15,19,NYK
9,9,2018-11-02,@,DAL,W,118,106,46,84,.548,7,29,.241,19,26,.731,10,40,26,13,4,12,24,,40,81,.494,11,29,.379,15,24,.625,11,40,22,6,1,18,28,NYK
10,10,2018-11-04,@,WAS,L,95,108,39,93,.419,5,27,.185,12,16,.750,15,51,19,5,5,18,28,,36,83,.434,6,26,.231,30,39,.769,15,47,21,12,11,13,18,NYK
11,11,2018-11-05,,CHI,L,115,116,41,106,.387,7,26,.269,26,29,.897,21,62,20,7,6,17,27,,43,95,.453,8,30,.267,22,30,.733,11,48,15,9,9,19,22,NYK
12,12,2018-11-07,@,ATL,W,112,107,34,77,.442,11,30,.367,33,47,.702,11,48,15,8,7,16,30,,37,92,.402,11,38,.289,22,29,.759,15,45,26,5,9,17,30,NYK
13,13,2018-11-10,@,TOR,L,112,128,44,96,.458,6,22,.273,18,22,.818,16,47,18,12,6,14,26,,42,79,.532,14,35,.400,30,40,.750,12,46,24,8,4,15,20,NYK
14,14,2018-11-11,,ORL,L,89,115,31,88,.352,5,28,.179,22,30,.733,13,54,13,4,15,19,21,,44,98,.449,17,42,.405,10,11,.909,10,52,31,10,9,11,21,NYK
15,15,2018-11-14,@,OKC,L,103,128,39,88,.443,7,26,.269,18,23,.783,9,36,18,8,8,18,17,,51,95,.537,16,33,.485,10,12,.833,13,47,32,11,7,16,21,NYK
16,16,2018-11-16,@,NOP,L,124,129,48,98,.490,11,34,.324,17,24,.708,12,44,15,10,6,13,31,,48,99,.485,10,34,.294,23,32,.719,11,54,27,5,5,15,25,NYK
17,17,2018-11-18,@,ORL,L,117,131,40,87,.460,8,24,.333,29,35,.829,17,42,12,7,2,14,26,,48,84,.571,13,32,.406,22,26,.846,7,35,35,5,6,15,26,NYK
18,18,2018-11-20,,POR,L,114,118,42,83,.506,13,29,.448,17,22,.773,10,42,22,8,5,15,15,,45,95,.474,16,35,.457,12,17,.706,14,43,25,8,4,11,19,NYK
19,19,2018-11-21,@,BOS,W,117,109,44,89,.494,15,30,.500,14,17,.824,9,49,25,3,11,17,24,,38,97,.392,10,33,.303,23,32,.719,15,50,30,10,9,8,16,NYK
20,20,2018-11-23,,NOP,W,114,109,41,91,.451,12,33,.364,20,27,.741,12,46,22,9,10,8,26,,40,101,.396,7,28,.250,22,29,.759,20,55,26,5,5,14,22,NYK
21,21,2018-11-25,@,MEM,W,103,98,34,91,.374,8,22,.364,27,32,.844,14,56,17,4,5,7,21,,38,86,.442,11,30,.367,11,19,.579,6,41,27,5,19,7,23,NYK
22,22,2018-11-27,@,DET,L,108,115,36,91,.396,9,27,.333,27,32,.844,13,50,16,5,5,13,31,,38,80,.475,7,24,.292,32,45,.711,7,48,20,5,7,13,26,NYK
23,23,2018-11-28,@,PHI,L,91,117,32,92,.348,6,29,.207,21,22,.955,11,41,14,11,5,13,21,,47,87,.540,12,25,.480,11,16,.688,8,50,34,7,5,16,19,NYK
24,24,2018-12-01,,MIL,W,136,134,51,96,.531,20,34,.588,14,21,.667,6,41,30,5,2,16,23,,46,94,.489,18,42,.429,24,31,.774,10,51,28,11,4,16,25,NYK
25,25,2018-12-03,,WAS,L,107,110,37,90,.411,12,34,.353,21,28,.750,19,55,20,4,5,16,14,,44,92,.478,13,32,.406,9,12,.750,8,38,30,7,8,10,24,NYK
26,26,2018-12-06,@,BOS,L,100,128,36,91,.396,12,35,.343,16,20,.800,14,47,21,4,5,16,23,,49,92,.533,13,38,.342,17,20,.850,7,46,32,8,6,9,24,NYK
27,27,2018-12-08,,BRK,L,104,112,39,83,.470,8,26,.308,18,30,.600,9,40,22,8,2,12,18,,43,88,.489,11,22,.500,15,25,.600,12,45,27,5,5,12,25,NYK
28,28,2018-12-09,,CHO,L,107,119,44,93,.473,13,26,.500,6,7,.857,8,41,28,5,2,17,25,,42,87,.483,12,34,.353,23,27,.852,6,42,19,11,4,12,17,NYK
29,29,2018-12-12,@,CLE,L,106,113,41,94,.436,11,27,.407,13,14,.929,9,43,21,7,7,12,18,,43,91,.473,10,34,.294,17,21,.810,12,51,19,7,4,12,18,NYK
30,30,2018-12-14,@,CHO,W,126,124,47,98,.480,12,34,.353,20,31,.645,9,46,27,11,8,10,16,,48,102,.471,20,48,.417,8,10,.800,9,51,38,7,5,16,23,NYK
31,31,2018-12-16,@,IND,L,99,110,37,89,.416,10,32,.313,15,22,.682,13,44,21,7,1,15,19,,40,87,.460,12,34,.353,18,23,.783,11,45,28,9,4,13,18,NYK
32,32,2018-12-17,,PHO,L,110,128,40,99,.404,9,35,.257,21,29,.724,16,50,15,5,0,11,21,,48,92,.522,9,27,.333,23,27,.852,4,44,27,8,5,7,20,NYK
33,33,2018-12-19,@,PHI,L,109,131,37,86,.430,10,31,.323,25,31,.806,4,35,22,2,2,8,19,,47,88,.534,15,30,.500,22,25,.880,9,51,31,6,4,9,22,NYK
34,34,2018-12-21,,ATL,L,107,114,41,84,.488,8,27,.296,17,24,.708,4,35,20,8,3,12,22,,43,91,.473,10,29,.345,18,24,.750,15,54,29,4,1,16,18,NYK
35,35,2018-12-25,,MIL,L,95,109,35,97,.361,8,29,.276,17,21,.810,15,57,17,4,3,14,25,,40,89,.449,6,32,.188,23,34,.676,6,51,22,9,8,8,19,NYK
36,36,2018-12-27,@,MIL,L,96,112,36,97,.371,13,31,.419,11,16,.688,10,43,21,8,6,10,20,,42,93,.452,11,32,.344,17,21,.810,11,57,20,4,11,15,14,NYK
37,37,2018-12-29,@,UTA,L,97,129,32,86,.372,15,32,.469,18,22,.818,8,35,17,10,1,15,19,,51,93,.548,16,36,.444,11,14,.786,15,60,30,8,6,17,27,NYK
38,38,2019-01-01,@,DEN,L,108,115,42,93,.452,11,27,.407,13,18,.722,15,43,28,4,3,8,21,,44,95,.463,12,34,.353,15,23,.652,16,53,36,7,6,8,19,NYK
39,39,2019-01-04,@,LAL,W,119,112,37,99,.374,11,37,.297,34,41,.829,13,56,20,12,4,6,20,,43,98,.439,11,37,.297,15,20,.750,12,55,23,4,7,16,27,NYK
40,40,2019-01-07,@,POR,L,101,111,36,89,.404,7,23,.304,22,27,.815,14,48,18,9,2,11,19,,40,85,.471,11,31,.355,20,29,.690,12,51,25,7,5,14,21,NYK
41,41,2019-01-08,@,GSW,L,95,122,35,88,.398,6,24,.250,19,21,.905,9,39,13,11,1,16,12,,49,96,.510,14,45,.311,10,12,.833,15,49,36,9,10,15,14,NYK
42,42,2019-01-11,,IND,L,106,121,39,88,.443,14,39,.359,14,16,.875,8,37,22,8,5,16,18,,49,94,.521,12,26,.462,11,11,1.000,11,47,30,8,1,14,15,NYK
43,43,2019-01-13,,PHI,L,105,108,37,86,.430,10,31,.323,21,30,.700,7,34,24,8,5,10,21,,40,87,.460,6,20,.300,22,30,.733,12,56,22,4,9,16,21,NYK
44,44,2019-01-17,@,WAS,L,100,101,39,87,.448,12,29,.414,10,12,.833,6,42,15,6,3,14,16,,40,92,.435,7,27,.259,14,20,.700,15,51,23,9,2,13,10,NYK
45,45,2019-01-21,,OKC,L,109,127,39,87,.448,7,23,.304,24,32,.750,11,36,25,8,3,12,23,,45,83,.542,15,29,.517,22,27,.815,10,49,26,7,2,18,31,NYK
46,46,2019-01-23,,HOU,L,110,114,37,81,.457,11,30,.367,25,30,.833,10,48,15,5,7,18,23,,37,90,.411,11,44,.250,29,38,.763,15,44,10,15,10,12,25,NYK
47,47,2019-01-25,@,BRK,L,99,109,37,87,.425,8,31,.258,17,26,.654,6,33,17,12,11,8,31,,34,84,.405,9,33,.273,32,47,.681,18,60,19,5,2,19,21,NYK
48,48,2019-01-27,,MIA,L,97,106,36,84,.429,7,26,.269,18,24,.750,7,38,22,13,3,11,20,,39,84,.464,12,33,.364,16,18,.889,8,47,26,6,5,15,24,NYK
49,49,2019-01-28,@,CHO,L,92,101,34,85,.400,7,23,.304,17,26,.654,8,46,19,6,6,8,15,,39,94,.415,11,34,.324,12,16,.750,13,51,25,4,10,10,20,NYK
50,50,2019-01-30,,DAL,L,90,114,32,78,.410,6,26,.231,20,28,.714,5,34,16,10,5,12,15,,45,84,.536,15,38,.395,9,11,.818,7,49,31,4,1,18,19,NYK
51,51,2019-02-01,,BOS,L,99,113,39,86,.453,9,31,.290,12,12,1.000,8,48,21,2,2,17,15,,46,100,.460,13,37,.351,8,10,.800,11,43,25,11,7,7,18,NYK
52,52,2019-02-03,,MEM,L,84,96,28,74,.378,12,40,.300,16,22,.727,6,45,20,4,6,15,16,,37,91,.407,9,26,.346,13,18,.722,10,49,25,8,4,7,20,NYK
53,53,2019-02-05,,DET,L,92,105,36,90,.400,9,33,.273,11,15,.733,13,44,17,5,4,11,23,,37,79,.468,12,34,.353,19,24,.792,6,41,22,4,7,9,21,NYK
54,54,2019-02-08,@,DET,L,103,120,35,78,.449,7,22,.318,26,41,.634,10,39,22,6,5,13,23,,42,86,.488,13,30,.433,23,29,.793,11,46,24,3,6,12,27,NYK
55,55,2019-02-09,,TOR,L,99,104,39,94,.415,10,25,.400,11,19,.579,15,57,22,9,4,14,26,,33,86,.384,14,35,.400,24,29,.828,10,47,27,8,5,12,15,NYK
56,56,2019-02-11,@,CLE,L,104,107,42,92,.457,7,26,.269,13,20,.650,10,46,21,8,9,10,17,,38,95,.400,14,44,.318,17,19,.895,17,56,20,6,2,18,16,NYK
57,57,2019-02-13,,PHI,L,111,126,40,100,.400,9,29,.310,22,27,.815,14,43,27,8,4,12,27,,42,78,.538,8,23,.348,34,43,.791,6,47,33,8,7,15,24,NYK
58,58,2019-02-14,@,ATL,W,106,91,38,84,.452,12,31,.387,18,26,.692,11,52,21,9,9,14,22,,33,91,.363,10,38,.263,15,19,.789,10,41,19,8,4,12,24,NYK
59,59,2019-02-22,,MIN,L,104,115,37,86,.430,11,29,.379,19,24,.792,8,47,15,9,8,20,22,,41,87,.471,11,24,.458,22,32,.688,7,42,22,13,8,13,20,NYK
60,60,2019-02-24,,SAS,W,130,118,50,98,.510,16,37,.432,14,19,.737,12,49,25,3,7,6,27,,42,94,.447,6,24,.250,28,31,.903,14,50,18,3,4,7,20,NYK
61,61,2019-02-26,,ORL,W,108,103,38,89,.427,7,24,.292,25,32,.781,14,51,17,11,7,10,15,,39,89,.438,11,32,.344,14,20,.700,12,47,26,6,7,16,21,NYK
62,62,2019-02-28,,CLE,L,118,125,46,95,.484,11,32,.344,15,23,.652,14,40,26,4,3,8,28,,41,80,.513,14,34,.412,29,36,.806,8,40,24,5,3,11,20,NYK
63,63,2019-03-03,@,LAC,L,107,128,35,88,.398,11,29,.379,26,34,.765,9,46,23,9,9,13,19,,48,98,.490,19,35,.543,13,17,.765,9,53,33,5,4,16,28,NYK
64,64,2019-03-04,@,SAC,L,108,115,39,85,.459,12,29,.414,18,28,.643,10,48,17,8,5,17,25,,39,83,.470,11,29,.379,26,33,.788,6,43,28,11,3,13,24,NYK
65,65,2019-03-06,@,PHO,L,96,107,35,77,.455,6,15,.400,20,25,.800,8,46,17,6,7,21,23,,39,81,.481,12,29,.414,17,22,.773,4,31,21,11,9,13,25,NYK
66,66,2019-03-09,,SAC,L,94,102,35,94,.372,10,35,.286,14,21,.667,13,58,16,3,5,9,20,,36,95,.379,12,36,.333,18,22,.818,11,53,16,5,3,7,14,NYK
67,67,2019-03-10,@,MIN,L,92,103,37,86,.430,10,25,.400,8,14,.571,10,43,20,5,8,17,14,,42,94,.447,9,30,.300,10,13,.769,9,40,22,13,10,11,16,NYK
68,68,2019-03-12,@,IND,L,98,103,35,80,.438,13,28,.464,15,18,.833,8,48,22,4,5,19,23,,37,85,.435,8,28,.286,21,29,.724,8,42,26,11,3,10,22,NYK
69,69,2019-03-15,@,SAS,L,83,109,35,86,.407,8,20,.400,5,9,.556,9,41,21,6,4,16,13,,47,88,.534,7,21,.333,8,10,.800,6,45,31,8,6,9,13,NYK
70,70,2019-03-17,,LAL,W,124,123,44,76,.579,12,26,.462,24,29,.828,10,45,24,4,5,23,26,,47,97,.485,7,27,.259,22,28,.786,15,35,26,12,5,10,21,NYK
71,71,2019-03-18,@,TOR,L,92,128,28,85,.329,8,35,.229,28,32,.875,7,36,16,8,4,13,18,,49,88,.557,17,40,.425,13,22,.591,5,50,36,5,6,14,22,NYK
72,72,2019-03-20,,UTA,L,116,137,45,86,.523,13,31,.419,13,21,.619,8,40,23,6,6,14,21,,48,85,.565,20,42,.476,21,25,.840,7,40,38,7,3,10,18,NYK
73,73,2019-03-22,,DEN,L,93,111,34,90,.378,9,32,.281,16,21,.762,8,45,20,3,5,7,15,,40,96,.417,15,38,.395,16,19,.842,17,62,24,5,5,8,15,NYK
74,74,2019-03-24,,LAC,L,113,124,41,86,.477,9,33,.273,22,25,.880,13,44,22,5,7,14,24,,38,86,.442,15,35,.429,33,37,.892,12,42,24,7,4,8,19,NYK
75,75,2019-03-28,,TOR,L,92,117,31,85,.365,6,26,.231,24,32,.750,14,54,16,3,5,16,22,,40,89,.449,20,47,.426,17,22,.773,6,44,32,8,6,8,28,NYK
76,76,2019-03-30,,MIA,L,92,100,31,77,.403,9,38,.237,21,25,.840,8,42,20,10,7,18,16,,39,90,.433,9,32,.281,13,17,.765,14,51,26,11,3,18,21,NYK
77,77,2019-04-01,,CHI,W,113,105,37,74,.500,18,38,.474,21,25,.840,6,44,24,2,9,16,18,,42,94,.447,4,17,.235,17,23,.739,12,44,20,9,2,6,18,NYK
78,78,2019-04-03,@,ORL,L,100,114,38,85,.447,6,27,.222,18,21,.857,8,39,21,10,5,12,18,,45,99,.455,11,32,.344,13,20,.650,19,55,29,5,7,13,16,NYK
79,79,2019-04-05,@,HOU,L,96,120,37,82,.451,6,27,.222,16,27,.593,5,53,22,3,6,15,17,,43,101,.426,22,59,.373,12,17,.706,7,48,26,8,2,6,21,NYK
80,80,2019-04-07,,WAS,W,113,110,41,80,.513,17,34,.500,14,19,.737,7,43,24,5,9,15,14,,43,103,.417,10,34,.294,14,18,.778,21,50,24,12,4,8,16,NYK
81,81,2019-04-09,@,CHI,W,96,86,37,93,.398,14,40,.350,8,13,.615,11,61,17,0,10,9,16,,30,83,.361,7,22,.318,19,29,.655,6,50,14,7,4,7,18,NYK
82,82,2019-04-10,,DET,L,89,115,31,77,.403,9,30,.300,18,25,.720,4,33,23,7,5,11,17,,41,85,.482,14,33,.424,19,20,.950,11,56,25,5,2,13,23,NYK
